source,table,gene,nucleotide,position,reference,variant,mutation,cDNA,amino acid,cases,percentage in last month
Tu et al. (2021) - Table 1A,1A,M,G26775T,26775,G,T,26775: G>T,c.253G>T,A85S,19,0.302
Tu et al. (2021) - Table 1A,1A,N,G29402T,29402,G,T,29402: G>T,c.1129G>T,D377Y,24,0.381
Tu et al. (2021) - Table 1A,1A,ORF1ab,A1850G,1850,A,G,1850: A>G,c.1585A>G,I529V,8,0.127
Tu et al. (2021) - Table 1B,1B,ORF1ab,C3261T,3261,G,T,3261: G>T,c.2996C>T,T999I,,
Tu et al. (2021) - Table 1B,1B,ORF1ab,C3486T,3486,C,T,3486: C>T,c.3221C>T,A1074V,,
Tu et al. (2021) - Table 1B,1B,ORF1ab,C4202T,4202,C,T,4202: C>T,c.3937C>T,L1313L,,
Tu et al. (2021) - Table 1A,1A,ORF3a,G25563T,25563,G,T,25563: G>T,c.2741G>T,Q57H,3,0.048
De Novo (Janies Lab),3,ORF3a,G25563C,25563,G,C,25563: G>C,,Q57H,,
Tu et al. (2021) - Table 1B,1B,ORF8,G28048T,28048,G,T,28048: G>T,c.155G>T,R52I,,
Tu et al. (2021) - Table 1A (Corrected by Ford et al.),1A,S,G23593T,23593,G,T,23593: G>T,c.2031G>T,Q677H,21,0.333
De Novo (Janies Lab),3,S,G23593C,23593,G,C,23593: G>C,,Q677H,,
De Novo (Janies Lab),3,S,A23592C,23592,A,C,23592: A>C,,Q677P,,
De Novo (Janies Lab),3,S,A23592G,23592,A,G,23592: A>G,,Q677R,,
Tu et al. (2021) - Table 1A,1A,S,C21846T,21846,C,T,21846: C>T,c.284C>T,T95I,10,0.159
Tu et al. (2021) - Table 1A,1A,S,C21575T,21575,C,T,21575: C>T,c.13C>t,L5F,3,0.048
Tu et al. (2021) - Table 1B,1B,S,A23063T,23063,A,T,23063: A>T,c.1501A>T,N501Y,,
De Novo (Janies Lab),,S,A23064C,23064,A,C,23064: A>C,,N501T,,
Tegally et al. (2021),2,S,G23012A,23012,G,A,23012: G>A,,E484K,,
Faria et al. (2021),2,S,A22812C,22812,A,C,22812: A>C,,K417T,,
Faria et al. (2021),2,S,G22813T,22813,G,T,22813: G>T,,K417N,,
