file,accession,position,variant,reference,mutation,abbreviation,state,country,latitude,longitude
../table1Anew/21575.txt,hCoV_19_USA_OH_CDC_2_3693476_2020_EPI_ISL_747131_2020_11_04,21575,T,C,21575: C>T,OH,Ohio,USA,40.388783,-82.764915
../table1Anew/21575.txt,hCoV_19_USA_OH_USAFSAM_S241_2020_EPI_ISL_812576_2020_07_27,21575,T,C,21575: C>T,OH,Ohio,USA,40.388783,-82.764915
../table1Anew/23593.txt,MW192108_USA_MN_MDH_1866_2020,23593,T,G,23593: G>T,MN,Minnesota,USA,45.694454,-93.900192
../table1Anew/23593.txt,MW192110_USA_MN_MDH_1868_2020,23593,T,G,23593: G>T,MN,Minnesota,USA,45.694454,-93.900192
../table1Anew/23593.txt,MW288283_USA_MN_MDH_2046_2020,23593,T,G,23593: G>T,MN,Minnesota,USA,45.694454,-93.900192
../table1Anew/23593.txt,MW374940_USA_MN_MDH_2130_2020,23593,T,G,23593: G>T,MN,Minnesota,USA,45.694454,-93.900192
../table1Anew/23593.txt,MW374945_USA_MN_MDH_2125_2020,23593,T,G,23593: G>T,MN,Minnesota,USA,45.694454,-93.900192
../table1Anew/23593.txt,MW406533_USA_WI_CDC_2_3693658_2020,23593,T,G,23593: G>T,WI,Wisconsin,USA,44.268543,-89.616508
../table1Anew/23593.txt,MW406566_USA_MI_CDC_2_3693788_2020,23593,T,G,23593: G>T,MI,Michigan,USA,43.326618,-84.536095
../table1Anew/23593.txt,MW424898_USA_UT_UPHL_2012174571_2020,23593,T,G,23593: G>T,UT,Utah,USA,40.150032,-111.862434
../table1Anew/23593.txt,MW454623_USA_MA_MGH_03165_2020,23593,T,G,23593: G>T,MA,Massachusetts,USA,42.230171,-71.530106
../table1Anew/23593.txt,hCoV_19_USA_OH_DEC106_2020_EPI_ISL_826463_2020_12_30,23593,T,G,23593: G>T,OH,Ohio,USA,40.388783,-82.764915
../table1Anew/26775.txt,MW454623_USA_MA_MGH_03165_2020,26775,T,G,26775: G>T,MA,Massachusetts,USA,42.230171,-71.530106
../table1Anew/26775.txt,hCoV_19_USA_OH_DEC106_2020_EPI_ISL_826463_2020_12_30,26775,T,G,26775: G>T,OH,Ohio,USA,40.388783,-82.764915
../table1Anew/29402.txt,MW192108_USA_MN_MDH_1866_2020,29402,T,G,29402: G>T,MN,Minnesota,USA,45.694454,-93.900192
../table1Anew/29402.txt,MW192110_USA_MN_MDH_1868_2020,29402,T,G,29402: G>T,MN,Minnesota,USA,45.694454,-93.900192
../table1Anew/29402.txt,MW202171_USA_MN_MDH_1942_2020,29402,T,G,29402: G>T,MN,Minnesota,USA,45.694454,-93.900192
../table1Anew/29402.txt,MW288283_USA_MN_MDH_2046_2020,29402,T,G,29402: G>T,MN,Minnesota,USA,45.694454,-93.900192
../table1Anew/29402.txt,MW338774_USA_VA_DCLS_2177_2020,29402,T,G,29402: G>T,VA,Virginia,USA,37.769337,-78.169968
../table1Anew/29402.txt,MW338775_USA_VA_DCLS_2178_2020,29402,T,G,29402: G>T,VA,Virginia,USA,37.769337,-78.169968
../table1Anew/29402.txt,MW338776_USA_VA_DCLS_2180_2020,29402,T,G,29402: G>T,VA,Virginia,USA,37.769337,-78.169968
../table1Anew/29402.txt,MW338778_USA_VA_DCLS_2182_2020,29402,T,G,29402: G>T,VA,Virginia,USA,37.769337,-78.169968
../table1Anew/29402.txt,MW338780_USA_VA_DCLS_2184_2020,29402,T,G,29402: G>T,VA,Virginia,USA,37.769337,-78.169968
../table1Anew/29402.txt,MW349052_USA_MN_MDH_2101_2020,29402,T,G,29402: G>T,MN,Minnesota,USA,45.694454,-93.900192
../table1Anew/29402.txt,MW349064_USA_MN_MDH_2089_2020,29402,T,G,29402: G>T,MN,Minnesota,USA,45.694454,-93.900192
../table1Anew/29402.txt,MW374940_USA_MN_MDH_2130_2020,29402,T,G,29402: G>T,MN,Minnesota,USA,45.694454,-93.900192
../table1Anew/29402.txt,MW374945_USA_MN_MDH_2125_2020,29402,T,G,29402: G>T,MN,Minnesota,USA,45.694454,-93.900192
../table1Anew/29402.txt,MW390844_USA_MN_MDH_2191_2020,29402,T,G,29402: G>T,MN,Minnesota,USA,45.694454,-93.900192
../table1Anew/29402.txt,MW406494_USA_NY_CDC_2_3693796_2020,29402,T,G,29402: G>T,NY,New York,USA,42.165726,-74.948051
../table1Anew/29402.txt,MW406501_USA_PA_CDC_2_3693775_2020,29402,T,G,29402: G>T,PA,Pennsylvania,USA,40.590752,-77.209755
../table1Anew/29402.txt,MW406532_USA_WI_CDC_2_3693678_2020,29402,T,G,29402: G>T,WI,Wisconsin,USA,44.268543,-89.616508
../table1Anew/29402.txt,MW406533_USA_WI_CDC_2_3693658_2020,29402,T,G,29402: G>T,WI,Wisconsin,USA,44.268543,-89.616508
../table1Anew/29402.txt,MW406534_USA_WI_CDC_2_3693669_2020,29402,T,G,29402: G>T,WI,Wisconsin,USA,44.268543,-89.616508
../table1Anew/29402.txt,MW406535_USA_WI_CDC_2_3693692_2020,29402,T,G,29402: G>T,WI,Wisconsin,USA,44.268543,-89.616508
../table1Anew/29402.txt,MW406566_USA_MI_CDC_2_3693788_2020,29402,T,G,29402: G>T,MI,Michigan,USA,43.326618,-84.536095
../table1Anew/29402.txt,MW424898_USA_UT_UPHL_2012174571_2020,29402,T,G,29402: G>T,UT,Utah,USA,40.150032,-111.862434
../table1Anew/29402.txt,MW424940_USA_UT_UPHL_2012609081_2020,29402,T,G,29402: G>T,UT,Utah,USA,40.150032,-111.862434
../table1Anew/29402.txt,MW454623_USA_MA_MGH_03165_2020,29402,T,G,29402: G>T,MA,Massachusetts,USA,42.230171,-71.530106
../table1Anew/29402.txt,MW454701_USA_MA_MGH_03398_2020,29402,T,G,29402: G>T,MA,Massachusetts,USA,42.230171,-71.530106
../table1Anew/29402.txt,MW462659_USA_MN_MDH_2261_2020,29402,T,G,29402: G>T,MN,Minnesota,USA,45.694454,-93.900192
../table1Anew/29402.txt,hCoV_19_USA_OH_DEC106_2020_EPI_ISL_826463_2020_12_30,29402,T,G,29402: G>T,OH,Ohio,USA,40.388783,-82.764915
../table1Anew/29402.txt,hCoV_19_USA_OH_USAFSAM_S526_2020_EPI_ISL_831808_2020_11_17,29402,T,G,29402: G>T,OH,Ohio,USA,40.388783,-82.764915
../table1Anew/29402.txt,hCoV_19_USA_OH_UW_2597_2021_EPI_ISL_791114_2021_01_03,29402,T,G,29402: G>T,OH,Ohio,USA,40.388783,-82.764915
../table1Anew/correctthem/25563.txt,MT946893_USA_AK_PHL543_2020,25563,T,G,25563: G>T,AK,Alaska,USA,61.370716,-152.404419
../table1Anew/correctthem/25563.txt,MT947564_USA_WA_S2747_2020,25563,T,G,25563: G>T,WA,Washington,USA,47.400902,-121.490494
../table1Anew/correctthem/25563.txt,MT947571_USA_WA_S2714_2020,25563,T,G,25563: G>T,WA,Washington,USA,47.400902,-121.490494
../table1Anew/correctthem/25563.txt,MT993885_USA_VA_DCLS_1271_2020,25563,T,G,25563: G>T,VA,Virginia,USA,37.769337,-78.169968
../table1Anew/correctthem/25563.txt,MT997219_USA_WA_S2770_2020,25563,T,G,25563: G>T,WA,Washington,USA,47.400902,-121.490494
../table1Anew/correctthem/25563.txt,MT997687_USA_MN_MDH_1569_2020,25563,T,G,25563: G>T,MN,Minnesota,USA,45.694454,-93.900192
../table1Anew/correctthem/25563.txt,MW049016_USA_MD_MDH_0212_2020,25563,T,G,25563: G>T,MD,Maryland,USA,39.063946,-76.802101
../table1Anew/correctthem/25563.txt,MW067792_USA_VA_DCLS_1471_2020,25563,T,G,25563: G>T,VA,Virginia,USA,37.769337,-78.169968
../table1Anew/correctthem/25563.txt,MW067793_USA_VA_DCLS_1472_2020,25563,T,G,25563: G>T,VA,Virginia,USA,37.769337,-78.169968
../table1Anew/correctthem/25563.txt,MW067794_USA_VA_DCLS_1473_2020,25563,T,G,25563: G>T,VA,Virginia,USA,37.769337,-78.169968
../table1Anew/correctthem/25563.txt,MW067795_USA_VA_DCLS_1475_2020,25563,T,G,25563: G>T,VA,Virginia,USA,37.769337,-78.169968
../table1Anew/correctthem/25563.txt,MW067796_USA_VA_DCLS_1476_2020,25563,T,G,25563: G>T,VA,Virginia,USA,37.769337,-78.169968
../table1Anew/correctthem/25563.txt,MW067797_USA_VA_DCLS_1477_2020,25563,T,G,25563: G>T,VA,Virginia,USA,37.769337,-78.169968
../table1Anew/correctthem/25563.txt,MW067798_USA_VA_DCLS_1478_2020,25563,T,G,25563: G>T,VA,Virginia,USA,37.769337,-78.169968
../table1Anew/correctthem/25563.txt,MW077487_USA_WA_S2839_2020,25563,T,G,25563: G>T,WA,Washington,USA,47.400902,-121.490494
../table1Anew/correctthem/25563.txt,MW077491_USA_WA_S2807_2020,25563,T,G,25563: G>T,WA,Washington,USA,47.400902,-121.490494
../table1Anew/correctthem/25563.txt,MW130878_USA_GA_CDC_6364_2020,25563,T,G,25563: G>T,GA,Georgia,USA,33.040619,-83.643074
../table1Anew/correctthem/25563.txt,MW130880_USA_GA_CDC_6367_2020,25563,T,G,25563: G>T,GA,Georgia,USA,33.040619,-83.643074
../table1Anew/correctthem/25563.txt,MW173149_USA_AK_PHL620_2020,25563,T,G,25563: G>T,AK,Alaska,USA,61.370716,-152.404419
../table1Anew/correctthem/25563.txt,MW173150_USA_AK_PHL627_2020,25563,T,G,25563: G>T,AK,Alaska,USA,61.370716,-152.404419
../table1Anew/correctthem/25563.txt,MW173151_USA_AK_PHL634_2020,25563,T,G,25563: G>T,AK,Alaska,USA,61.370716,-152.404419
../table1Anew/correctthem/25563.txt,MW173152_USA_AK_PHL635_2020,25563,T,G,25563: G>T,AK,Alaska,USA,61.370716,-152.404419
../table1Anew/correctthem/25563.txt,MW173153_USA_AK_PHL640_2020,25563,T,G,25563: G>T,AK,Alaska,USA,61.370716,-152.404419
../table1Anew/correctthem/25563.txt,MW173157_USA_AK_PHL660_2020,25563,T,G,25563: G>T,AK,Alaska,USA,61.370716,-152.404419
../table1Anew/correctthem/25563.txt,MW173158_USA_AK_PHL672_2020,25563,T,G,25563: G>T,AK,Alaska,USA,61.370716,-152.404419
../table1Anew/correctthem/25563.txt,MW173161_USA_AK_PHL699_2020,25563,T,G,25563: G>T,AK,Alaska,USA,61.370716,-152.404419
../table1Anew/correctthem/25563.txt,MW173162_USA_AK_PHL706_2020,25563,T,G,25563: G>T,AK,Alaska,USA,61.370716,-152.404419
../table1Anew/correctthem/25563.txt,MW173163_USA_AK_PHL707_2020,25563,T,G,25563: G>T,AK,Alaska,USA,61.370716,-152.404419
../table1Anew/correctthem/25563.txt,MW173165_USA_AK_PHL734_2020,25563,T,G,25563: G>T,AK,Alaska,USA,61.370716,-152.404419
../table1Anew/correctthem/25563.txt,MW173168_USA_AK_PHL767_2020,25563,T,G,25563: G>T,AK,Alaska,USA,61.370716,-152.404419
../table1Anew/correctthem/25563.txt,MW173171_USA_AK_PHL806_2020,25563,T,G,25563: G>T,AK,Alaska,USA,61.370716,-152.404419
../table1Anew/correctthem/25563.txt,MW192108_USA_MN_MDH_1866_2020,25563,T,G,25563: G>T,MN,Minnesota,USA,45.694454,-93.900192
../table1Anew/correctthem/25563.txt,MW192110_USA_MN_MDH_1868_2020,25563,T,G,25563: G>T,MN,Minnesota,USA,45.694454,-93.900192
../table1Anew/correctthem/25563.txt,MW202171_USA_MN_MDH_1942_2020,25563,T,G,25563: G>T,MN,Minnesota,USA,45.694454,-93.900192
../table1Anew/correctthem/25563.txt,MW205972_USA_VA_DCLS_1423_2020,25563,T,G,25563: G>T,VA,Virginia,USA,37.769337,-78.169968
../table1Anew/correctthem/25563.txt,MW208036_USA_VA_DCLS_1595_2020,25563,T,G,25563: G>T,VA,Virginia,USA,37.769337,-78.169968
../table1Anew/correctthem/25563.txt,MW210936_USA_VA_DCLS_1824_2020,25563,T,G,25563: G>T,VA,Virginia,USA,37.769337,-78.169968
../table1Anew/correctthem/25563.txt,MW210937_USA_VA_DCLS_1827_2020,25563,T,G,25563: G>T,VA,Virginia,USA,37.769337,-78.169968
../table1Anew/correctthem/25563.txt,MW279334_USA_MN_MDH_2010_2020,25563,T,G,25563: G>T,MN,Minnesota,USA,45.694454,-93.900192
../table1Anew/correctthem/25563.txt,MW279417_USA_GA_CDC_5478_2020,25563,T,G,25563: G>T,GA,Georgia,USA,33.040619,-83.643074
../table1Anew/correctthem/25563.txt,MW279418_USA_GA_CDC_5479_2020,25563,T,G,25563: G>T,GA,Georgia,USA,33.040619,-83.643074
../table1Anew/correctthem/25563.txt,MW279420_USA_GA_CDC_6466_2020,25563,T,G,25563: G>T,GA,Georgia,USA,33.040619,-83.643074
../table1Anew/correctthem/25563.txt,MW280461_USA_VA_DCLS_1933_2020,25563,T,G,25563: G>T,VA,Virginia,USA,37.769337,-78.169968
../table1Anew/correctthem/25563.txt,MW280521_USA_VA_DCLS_2007_2020,25563,T,G,25563: G>T,VA,Virginia,USA,37.769337,-78.169968
../table1Anew/correctthem/25563.txt,MW288277_USA_MN_MDH_2040_2020,25563,T,G,25563: G>T,MN,Minnesota,USA,45.694454,-93.900192
../table1Anew/correctthem/25563.txt,MW288283_USA_MN_MDH_2046_2020,25563,T,G,25563: G>T,MN,Minnesota,USA,45.694454,-93.900192
../table1Anew/correctthem/25563.txt,MW338774_USA_VA_DCLS_2177_2020,25563,T,G,25563: G>T,VA,Virginia,USA,37.769337,-78.169968
../table1Anew/correctthem/25563.txt,MW338775_USA_VA_DCLS_2178_2020,25563,T,G,25563: G>T,VA,Virginia,USA,37.769337,-78.169968
../table1Anew/correctthem/25563.txt,MW338776_USA_VA_DCLS_2180_2020,25563,T,G,25563: G>T,VA,Virginia,USA,37.769337,-78.169968
../table1Anew/correctthem/25563.txt,MW338778_USA_VA_DCLS_2182_2020,25563,T,G,25563: G>T,VA,Virginia,USA,37.769337,-78.169968
../table1Anew/correctthem/25563.txt,MW338780_USA_VA_DCLS_2184_2020,25563,T,G,25563: G>T,VA,Virginia,USA,37.769337,-78.169968
../table1Anew/correctthem/25563.txt,MW340765_USA_VA_DCLS_2108_2020,25563,T,G,25563: G>T,VA,Virginia,USA,37.769337,-78.169968
../table1Anew/correctthem/25563.txt,MW340785_USA_VA_DCLS_2143_2020,25563,T,G,25563: G>T,VA,Virginia,USA,37.769337,-78.169968
../table1Anew/correctthem/25563.txt,MW349052_USA_MN_MDH_2101_2020,25563,T,G,25563: G>T,MN,Minnesota,USA,45.694454,-93.900192
../table1Anew/correctthem/25563.txt,MW349064_USA_MN_MDH_2089_2020,25563,T,G,25563: G>T,MN,Minnesota,USA,45.694454,-93.900192
../table1Anew/correctthem/25563.txt,MW374940_USA_MN_MDH_2130_2020,25563,T,G,25563: G>T,MN,Minnesota,USA,45.694454,-93.900192
../table1Anew/correctthem/25563.txt,MW374945_USA_MN_MDH_2125_2020,25563,T,G,25563: G>T,MN,Minnesota,USA,45.694454,-93.900192
../table1Anew/correctthem/25563.txt,MW390844_USA_MN_MDH_2191_2020,25563,T,G,25563: G>T,MN,Minnesota,USA,45.694454,-93.900192
../table1Anew/correctthem/25563.txt,MW403671_USA_VA_DCLS_2295_2020,25563,T,G,25563: G>T,VA,Virginia,USA,37.769337,-78.169968
../table1Anew/correctthem/25563.txt,MW406494_USA_NY_CDC_2_3693796_2020,25563,T,G,25563: G>T,NY,New York,USA,42.165726,-74.948051
../table1Anew/correctthem/25563.txt,MW406501_USA_PA_CDC_2_3693775_2020,25563,T,G,25563: G>T,PA,Pennsylvania,USA,40.590752,-77.209755
../table1Anew/correctthem/25563.txt,MW406517_USA_AR_CDC_2_3693682_2020,25563,T,G,25563: G>T,AR,Arkansas,USA,34.969704,-92.373123
../table1Anew/correctthem/25563.txt,MW406529_USA_UT_CDC_2_3693661_2020,25563,T,G,25563: G>T,UT,Utah,USA,40.150032,-111.862434
../table1Anew/correctthem/25563.txt,MW406531_USA_WI_CDC_2_3693753_2020,25563,T,G,25563: G>T,WI,Wisconsin,USA,44.268543,-89.616508
../table1Anew/correctthem/25563.txt,MW406532_USA_WI_CDC_2_3693678_2020,25563,T,G,25563: G>T,WI,Wisconsin,USA,44.268543,-89.616508
../table1Anew/correctthem/25563.txt,MW406533_USA_WI_CDC_2_3693658_2020,25563,T,G,25563: G>T,WI,Wisconsin,USA,44.268543,-89.616508
../table1Anew/correctthem/25563.txt,MW406534_USA_WI_CDC_2_3693669_2020,25563,T,G,25563: G>T,WI,Wisconsin,USA,44.268543,-89.616508
../table1Anew/correctthem/25563.txt,MW406535_USA_WI_CDC_2_3693692_2020,25563,T,G,25563: G>T,WI,Wisconsin,USA,44.268543,-89.616508
../table1Anew/correctthem/25563.txt,MW406544_USA_KY_CDC_2_3693794_2020,25563,T,G,25563: G>T,KY,Kentucky,USA,37.66814,-84.670067
../table1Anew/correctthem/25563.txt,MW406557_USA_IL_CDC_2_3693786_2020,25563,T,G,25563: G>T,IL,Illinois,USA,40.349457,-88.986137
../table1Anew/correctthem/25563.txt,MW406566_USA_MI_CDC_2_3693788_2020,25563,T,G,25563: G>T,MI,Michigan,USA,43.326618,-84.536095
../table1Anew/correctthem/25563.txt,MW406591_USA_KS_CDC_2_3693594_2020,25563,T,G,25563: G>T,KS,Kansas,USA,38.5266,-96.726486
../table1Anew/correctthem/25563.txt,MW406639_USA_TN_CDC_2_3693571_2020,25563,T,G,25563: G>T,TN,Tennessee,USA,35.747845,-86.692345
../table1Anew/correctthem/25563.txt,MW411910_USA_VA_DCLS_2161_2020,25563,T,G,25563: G>T,VA,Virginia,USA,37.769337,-78.169968
../table1Anew/correctthem/25563.txt,MW424898_USA_UT_UPHL_2012174571_2020,25563,T,G,25563: G>T,UT,Utah,USA,40.150032,-111.862434
../table1Anew/correctthem/25563.txt,MW424940_USA_UT_UPHL_2012609081_2020,25563,T,G,25563: G>T,UT,Utah,USA,40.150032,-111.862434
../table1Anew/correctthem/25563.txt,MW454502_USA_MA_MGH_02703_2020,25563,T,G,25563: G>T,MA,Massachusetts,USA,42.230171,-71.530106
../table1Anew/correctthem/25563.txt,MW454506_USA_MA_MGH_02715_2020,25563,T,G,25563: G>T,MA,Massachusetts,USA,42.230171,-71.530106
../table1Anew/correctthem/25563.txt,MW454509_USA_MA_MGH_02725_2020,25563,T,G,25563: G>T,MA,Massachusetts,USA,42.230171,-71.530106
../table1Anew/correctthem/25563.txt,MW454533_USA_MA_MGH_02771_2020,25563,T,G,25563: G>T,MA,Massachusetts,USA,42.230171,-71.530106
../table1Anew/correctthem/25563.txt,MW454538_USA_MA_MGH_02784_2020,25563,T,G,25563: G>T,MA,Massachusetts,USA,42.230171,-71.530106
../table1Anew/correctthem/25563.txt,MW454544_USA_MA_MGH_02804_2020,25563,T,G,25563: G>T,MA,Massachusetts,USA,42.230171,-71.530106
../table1Anew/correctthem/25563.txt,MW454568_USA_MA_MGH_02973_2020,25563,T,G,25563: G>T,MA,Massachusetts,USA,42.230171,-71.530106
../table1Anew/correctthem/25563.txt,MW454573_USA_MA_MGH_02990_2020,25563,T,G,25563: G>T,MA,Massachusetts,USA,42.230171,-71.530106
../table1Anew/correctthem/25563.txt,MW454574_USA_MA_MGH_02992_2020,25563,T,G,25563: G>T,MA,Massachusetts,USA,42.230171,-71.530106
../table1Anew/correctthem/25563.txt,MW454575_USA_MA_MGH_02999_2020,25563,T,G,25563: G>T,MA,Massachusetts,USA,42.230171,-71.530106
../table1Anew/correctthem/25563.txt,MW454623_USA_MA_MGH_03165_2020,25563,T,G,25563: G>T,MA,Massachusetts,USA,42.230171,-71.530106
../table1Anew/correctthem/25563.txt,MW454651_USA_MA_MGH_03247_2020,25563,T,G,25563: G>T,MA,Massachusetts,USA,42.230171,-71.530106
../table1Anew/correctthem/25563.txt,MW454667_USA_MA_MGH_03294_2020,25563,T,G,25563: G>T,MA,Massachusetts,USA,42.230171,-71.530106
../table1Anew/correctthem/25563.txt,MW454676_USA_MA_MGH_03330_2020,25563,T,G,25563: G>T,MA,Massachusetts,USA,42.230171,-71.530106
../table1Anew/correctthem/25563.txt,MW454685_USA_MA_MGH_03353_2020,25563,T,G,25563: G>T,MA,Massachusetts,USA,42.230171,-71.530106
../table1Anew/correctthem/25563.txt,MW454701_USA_MA_MGH_03398_2020,25563,T,G,25563: G>T,MA,Massachusetts,USA,42.230171,-71.530106
../table1Anew/correctthem/25563.txt,MW454714_USA_MA_MGH_03419_2020,25563,T,G,25563: G>T,MA,Massachusetts,USA,42.230171,-71.530106
../table1Anew/correctthem/25563.txt,MW454720_USA_MA_MGH_03434_2020,25563,T,G,25563: G>T,MA,Massachusetts,USA,42.230171,-71.530106
../table1Anew/correctthem/25563.txt,MW454721_USA_MA_MGH_03435_2020,25563,T,G,25563: G>T,MA,Massachusetts,USA,42.230171,-71.530106
../table1Anew/correctthem/25563.txt,MW454733_USA_MA_MGH_03466_2020,25563,T,G,25563: G>T,MA,Massachusetts,USA,42.230171,-71.530106
../table1Anew/correctthem/25563.txt,MW454740_USA_MA_MGH_03483_2020,25563,T,G,25563: G>T,MA,Massachusetts,USA,42.230171,-71.530106
../table1Anew/correctthem/25563.txt,MW454747_USA_MA_MGH_03504_2020,25563,T,G,25563: G>T,MA,Massachusetts,USA,42.230171,-71.530106
../table1Anew/correctthem/25563.txt,MW454762_USA_MA_MGH_03553_2020,25563,T,G,25563: G>T,MA,Massachusetts,USA,42.230171,-71.530106
../table1Anew/correctthem/25563.txt,MW462659_USA_MN_MDH_2261_2020,25563,T,G,25563: G>T,MN,Minnesota,USA,45.694454,-93.900192
../table1Anew/correctthem/25563.txt,hCoV_19_USA_CA_CDC_STM_097_2020_EPI_ISL_802604_2020_12_29,25563,T,G,25563: G>T,CA,California,USA,36.116203,-119.681564
../table1Anew/correctthem/25563.txt,hCoV_19_USA_LA_EVTL1094_2020_EPI_ISL_768364_2020_12_01,25563,T,G,25563: G>T,LA,Louisiana,USA,31.169546,-91.867805
../table1Anew/correctthem/25563.txt,hCoV_19_USA_LA_EVTL1292_2020_EPI_ISL_778958_2020_12_10,25563,T,G,25563: G>T,LA,Louisiana,USA,31.169546,-91.867805
../table1Anew/correctthem/25563.txt,hCoV_19_USA_LA_EVTL1293_2020_EPI_ISL_778959_2020_12_10,25563,T,G,25563: G>T,LA,Louisiana,USA,31.169546,-91.867805
../table1Anew/correctthem/25563.txt,hCoV_19_USA_LA_EVTL1294_2020_EPI_ISL_778960_2020_12_10,25563,T,G,25563: G>T,LA,Louisiana,USA,31.169546,-91.867805
../table1Anew/correctthem/25563.txt,hCoV_19_USA_LA_EVTL1461_2020_EPI_ISL_779127_2020_12_18,25563,T,G,25563: G>T,LA,Louisiana,USA,31.169546,-91.867805
../table1Anew/correctthem/25563.txt,hCoV_19_USA_MA_JLL_D128_2020_EPI_ISL_593554_2020_08_16,25563,T,G,25563: G>T,MA,Massachusetts,USA,42.230171,-71.530106
../table1Anew/correctthem/25563.txt,hCoV_19_USA_MA_JLL_D130_2020_EPI_ISL_593555_2020_08_18,25563,T,G,25563: G>T,MA,Massachusetts,USA,42.230171,-71.530106
../table1Anew/correctthem/25563.txt,hCoV_19_USA_MA_JLL_D143_2020_EPI_ISL_593556_2020_08_31,25563,T,G,25563: G>T,MA,Massachusetts,USA,42.230171,-71.530106
../table1Anew/correctthem/25563.txt,hCoV_19_USA_MA_JLL_D146_2020_EPI_ISL_593557_2020_09_03,25563,T,G,25563: G>T,MA,Massachusetts,USA,42.230171,-71.530106
../table1Anew/correctthem/25563.txt,hCoV_19_USA_MA_JLL_D152_2020_EPI_ISL_593558_2020_09_09,25563,T,G,25563: G>T,MA,Massachusetts,USA,42.230171,-71.530106
../table1Anew/correctthem/25563.txt,hCoV_19_USA_MI_UM_10036889025_2020_EPI_ISL_826428_2020_11_11,25563,T,G,25563: G>T,MI,Michigan,USA,43.326618,-84.536095
../table1Anew/correctthem/25563.txt,hCoV_19_USA_NY_AECOM_135_2020_EPI_ISL_826591_2020_10_30,25563,T,G,25563: G>T,NY,New York,USA,42.165726,-74.948051
../table1Anew/correctthem/25563.txt,hCoV_19_USA_NY_NYUMC836_2020_EPI_ISL_456109_2020_04_21,25563,T,G,25563: G>T,NY,New York,USA,42.165726,-74.948051
../table1Anew/correctthem/25563.txt,hCoV_19_USA_OH_0019_2020_EPI_ISL_426430_2020_03_08,25563,T,G,25563: G>T,OH,Ohio,USA,40.388783,-82.764915
../table1Anew/correctthem/25563.txt,hCoV_19_USA_OH_0020_2020_EPI_ISL_426431_2020_03_07,25563,T,G,25563: G>T,OH,Ohio,USA,40.388783,-82.764915
../table1Anew/correctthem/25563.txt,hCoV_19_USA_OH_0023_2020_EPI_ISL_424880_2020_03_08,25563,T,G,25563: G>T,OH,Ohio,USA,40.388783,-82.764915
../table1Anew/correctthem/25563.txt,hCoV_19_USA_OH_CDC_2_3693475_2020_EPI_ISL_747130_2020_11_04,25563,T,G,25563: G>T,OH,Ohio,USA,40.388783,-82.764915
../table1Anew/correctthem/25563.txt,hCoV_19_USA_OH_CDC_2_3693484_2020_EPI_ISL_747128_2020_11_04,25563,T,G,25563: G>T,OH,Ohio,USA,40.388783,-82.764915
../table1Anew/correctthem/25563.txt,hCoV_19_USA_OH_CDC_2_3693576_2020_EPI_ISL_747129_2020_11_04,25563,T,G,25563: G>T,OH,Ohio,USA,40.388783,-82.764915
../table1Anew/correctthem/25563.txt,hCoV_19_USA_OH_CDC_2_3714266_2020_EPI_ISL_751586_2020_11_10,25563,T,G,25563: G>T,OH,Ohio,USA,40.388783,-82.764915
../table1Anew/correctthem/25563.txt,hCoV_19_USA_OH_CDC_2_3714299_2020_EPI_ISL_751609_2020_11_11,25563,T,G,25563: G>T,OH,Ohio,USA,40.388783,-82.764915
../table1Anew/correctthem/25563.txt,hCoV_19_USA_OH_CDC_2_3714352_2020_EPI_ISL_751610_2020_11_16,25563,T,G,25563: G>T,OH,Ohio,USA,40.388783,-82.764915
../table1Anew/correctthem/25563.txt,hCoV_19_USA_OH_CDC_2_3714358_2020_EPI_ISL_751741_2020_11_18,25563,T,G,25563: G>T,OH,Ohio,USA,40.388783,-82.764915
../table1Anew/correctthem/25563.txt,hCoV_19_USA_OH_CDC_2_3714378_2020_EPI_ISL_751613_2020_11_19,25563,T,G,25563: G>T,OH,Ohio,USA,40.388783,-82.764915
../table1Anew/correctthem/25563.txt,hCoV_19_USA_OH_CDC_2_3714454_2020_EPI_ISL_751616_2020_11_16,25563,T,G,25563: G>T,OH,Ohio,USA,40.388783,-82.764915
../table1Anew/correctthem/25563.txt,hCoV_19_USA_OH_CDC_2_3714473_2020_EPI_ISL_751788_2020_11_23,25563,T,G,25563: G>T,OH,Ohio,USA,40.388783,-82.764915
../table1Anew/correctthem/25563.txt,hCoV_19_USA_OH_DEC106_2020_EPI_ISL_826463_2020_12_30,25563,T,G,25563: G>T,OH,Ohio,USA,40.388783,-82.764915
../table1Anew/correctthem/25563.txt,hCoV_19_USA_OH_DEC32_2020_EPI_ISL_826521_2020_12_30,25563,T,G,25563: G>T,OH,Ohio,USA,40.388783,-82.764915
../table1Anew/correctthem/25563.txt,hCoV_19_USA_OH_JML_COH119_2021_EPI_ISL_832378_2021_01_06,25563,T,G,25563: G>T,OH,Ohio,USA,40.388783,-82.764915
../table1Anew/correctthem/25563.txt,hCoV_19_USA_OH_ODH_SC34242_2020_EPI_ISL_789102_2020_04_19,25563,T,G,25563: G>T,OH,Ohio,USA,40.388783,-82.764915
../table1Anew/correctthem/25563.txt,hCoV_19_USA_OH_ODH_SC34324_2020_EPI_ISL_789103_2020_04_19,25563,T,G,25563: G>T,OH,Ohio,USA,40.388783,-82.764915
../table1Anew/correctthem/25563.txt,hCoV_19_USA_OH_ODH_SC34332_2020_EPI_ISL_789104_2020_04_20,25563,T,G,25563: G>T,OH,Ohio,USA,40.388783,-82.764915
../table1Anew/correctthem/25563.txt,hCoV_19_USA_OH_ODH_SC35001_2020_EPI_ISL_763076_2020_04_23,25563,T,G,25563: G>T,OH,Ohio,USA,40.388783,-82.764915
../table1Anew/correctthem/25563.txt,hCoV_19_USA_OH_ODH_SC35004_2020_EPI_ISL_763319_2020_04_22,25563,T,G,25563: G>T,OH,Ohio,USA,40.388783,-82.764915
../table1Anew/correctthem/25563.txt,hCoV_19_USA_OH_ODH_SC35005_2020_EPI_ISL_763321_2020_04_22,25563,T,G,25563: G>T,OH,Ohio,USA,40.388783,-82.764915
../table1Anew/correctthem/25563.txt,hCoV_19_USA_OH_ODH_SC35020_2020_EPI_ISL_765222_2020_04_23,25563,T,G,25563: G>T,OH,Ohio,USA,40.388783,-82.764915
../table1Anew/correctthem/25563.txt,hCoV_19_USA_OH_ODH_SC35022_2020_EPI_ISL_770632_2020_04_23,25563,T,G,25563: G>T,OH,Ohio,USA,40.388783,-82.764915
../table1Anew/correctthem/25563.txt,hCoV_19_USA_OH_ODH_SC35023_2020_EPI_ISL_770775_2020_04_23,25563,T,G,25563: G>T,OH,Ohio,USA,40.388783,-82.764915
../table1Anew/correctthem/25563.txt,hCoV_19_USA_OH_ODH_SC35024_2020_EPI_ISL_770776_2020_04_23,25563,T,G,25563: G>T,OH,Ohio,USA,40.388783,-82.764915
../table1Anew/correctthem/25563.txt,hCoV_19_USA_OH_ODH_SC35046_2020_EPI_ISL_770777_2020_04_23,25563,T,G,25563: G>T,OH,Ohio,USA,40.388783,-82.764915
../table1Anew/correctthem/25563.txt,hCoV_19_USA_OH_ODH_SC35063_2020_EPI_ISL_775600_2020_04_23,25563,T,G,25563: G>T,OH,Ohio,USA,40.388783,-82.764915
../table1Anew/correctthem/25563.txt,hCoV_19_USA_OH_ODH_SC35064_2020_EPI_ISL_775601_2020_04_23,25563,T,G,25563: G>T,OH,Ohio,USA,40.388783,-82.764915
../table1Anew/correctthem/25563.txt,hCoV_19_USA_OH_ODH_SC35065_2020_EPI_ISL_775602_2020_04_23,25563,T,G,25563: G>T,OH,Ohio,USA,40.388783,-82.764915
../table1Anew/correctthem/25563.txt,hCoV_19_USA_OH_ODH_SC35067_2020_EPI_ISL_775603_2020_04_23,25563,T,G,25563: G>T,OH,Ohio,USA,40.388783,-82.764915
../table1Anew/correctthem/25563.txt,hCoV_19_USA_OH_ODH_SC35076_2020_EPI_ISL_775605_2020_04_23,25563,T,G,25563: G>T,OH,Ohio,USA,40.388783,-82.764915
../table1Anew/correctthem/25563.txt,hCoV_19_USA_OH_ODH_SC35077_2020_EPI_ISL_775606_2020_04_23,25563,T,G,25563: G>T,OH,Ohio,USA,40.388783,-82.764915
../table1Anew/correctthem/25563.txt,hCoV_19_USA_OH_ODH_SC35079_2020_EPI_ISL_776567_2020_04_23,25563,T,G,25563: G>T,OH,Ohio,USA,40.388783,-82.764915
../table1Anew/correctthem/25563.txt,hCoV_19_USA_OH_ODH_SC35093_2020_EPI_ISL_776568_2020_04_23,25563,T,G,25563: G>T,OH,Ohio,USA,40.388783,-82.764915
../table1Anew/correctthem/25563.txt,hCoV_19_USA_OH_ODH_SC35117_2020_EPI_ISL_778856_2020_04_23,25563,T,G,25563: G>T,OH,Ohio,USA,40.388783,-82.764915
../table1Anew/correctthem/25563.txt,hCoV_19_USA_OH_ODH_SC35118_2020_EPI_ISL_778857_2020_04_23,25563,T,G,25563: G>T,OH,Ohio,USA,40.388783,-82.764915
../table1Anew/correctthem/25563.txt,hCoV_19_USA_OH_ODH_SC35119__2020_EPI_ISL_778858_2020_04_23,25563,T,G,25563: G>T,OH,Ohio,USA,40.388783,-82.764915
../table1Anew/correctthem/25563.txt,hCoV_19_USA_OH_ODH_SC35158_2020_EPI_ISL_778859_2020_04_23,25563,T,G,25563: G>T,OH,Ohio,USA,40.388783,-82.764915
../table1Anew/correctthem/25563.txt,hCoV_19_USA_OH_ODH_SC35176__2020_EPI_ISL_778861_2020_04_23,25563,T,G,25563: G>T,OH,Ohio,USA,40.388783,-82.764915
../table1Anew/correctthem/25563.txt,hCoV_19_USA_OH_ODH_SC35177_2020_EPI_ISL_778862_2020_04_23,25563,T,G,25563: G>T,OH,Ohio,USA,40.388783,-82.764915
../table1Anew/correctthem/25563.txt,hCoV_19_USA_OH_ODH_SC35203_2020_EPI_ISL_778864_2020_04_25,25563,T,G,25563: G>T,OH,Ohio,USA,40.388783,-82.764915
../table1Anew/correctthem/25563.txt,hCoV_19_USA_OH_ODH_SC35210_2020_EPI_ISL_780377_2020_04_24,25563,T,G,25563: G>T,OH,Ohio,USA,40.388783,-82.764915
../table1Anew/correctthem/25563.txt,hCoV_19_USA_OH_ODH_SC35230_2020_EPI_ISL_780379_2020_04_24,25563,T,G,25563: G>T,OH,Ohio,USA,40.388783,-82.764915
../table1Anew/correctthem/25563.txt,hCoV_19_USA_OH_ODH_SC35233_2020_EPI_ISL_780380_2020_04_24,25563,T,G,25563: G>T,OH,Ohio,USA,40.388783,-82.764915
../table1Anew/correctthem/25563.txt,hCoV_19_USA_OH_ODH_SC35270_2020_EPI_ISL_780417_2020_04_24,25563,T,G,25563: G>T,OH,Ohio,USA,40.388783,-82.764915
../table1Anew/correctthem/25563.txt,hCoV_19_USA_OH_ODH_SC35277_2020_EPI_ISL_780419_2020_04_24,25563,T,G,25563: G>T,OH,Ohio,USA,40.388783,-82.764915
../table1Anew/correctthem/25563.txt,hCoV_19_USA_OH_ODH_SC35339_2020_EPI_ISL_780421_2020_04_24,25563,T,G,25563: G>T,OH,Ohio,USA,40.388783,-82.764915
../table1Anew/correctthem/25563.txt,hCoV_19_USA_OH_ODH_SC35340_2020_EPI_ISL_780422_2020_04_24,25563,T,G,25563: G>T,OH,Ohio,USA,40.388783,-82.764915
../table1Anew/correctthem/25563.txt,hCoV_19_USA_OH_ODH_SC35344_2020_EPI_ISL_780423_2020_04_24,25563,T,G,25563: G>T,OH,Ohio,USA,40.388783,-82.764915
../table1Anew/correctthem/25563.txt,hCoV_19_USA_OH_ODH_SC35345__2020_EPI_ISL_780424_2020_04_24,25563,T,G,25563: G>T,OH,Ohio,USA,40.388783,-82.764915
../table1Anew/correctthem/25563.txt,hCoV_19_USA_OH_ODH_SC35389_2020_EPI_ISL_780425_2020_04_24,25563,T,G,25563: G>T,OH,Ohio,USA,40.388783,-82.764915
../table1Anew/correctthem/25563.txt,hCoV_19_USA_OH_ODH_SC35416__2020_EPI_ISL_780426_2020_04_25,25563,T,G,25563: G>T,OH,Ohio,USA,40.388783,-82.764915
../table1Anew/correctthem/25563.txt,hCoV_19_USA_OH_ODH_SC35419_2020_EPI_ISL_780670_2020_04_25,25563,T,G,25563: G>T,OH,Ohio,USA,40.388783,-82.764915
../table1Anew/correctthem/25563.txt,hCoV_19_USA_OH_ODH_SC35423_2020_EPI_ISL_781113_2020_04_25,25563,T,G,25563: G>T,OH,Ohio,USA,40.388783,-82.764915
../table1Anew/correctthem/25563.txt,hCoV_19_USA_OH_ODH_SC35430_2020_EPI_ISL_776994_2020_04_25,25563,T,G,25563: G>T,OH,Ohio,USA,40.388783,-82.764915
../table1Anew/correctthem/25563.txt,hCoV_19_USA_OH_ODH_SC35469_2020_EPI_ISL_776876_2020_04_25,25563,T,G,25563: G>T,OH,Ohio,USA,40.388783,-82.764915
../table1Anew/correctthem/25563.txt,hCoV_19_USA_OH_ODH_SC35519_2020_EPI_ISL_776874_2020_04_26,25563,T,G,25563: G>T,OH,Ohio,USA,40.388783,-82.764915
../table1Anew/correctthem/25563.txt,hCoV_19_USA_OH_ODH_SC35549_2020_EPI_ISL_776869_2020_04_26,25563,T,G,25563: G>T,OH,Ohio,USA,40.388783,-82.764915
../table1Anew/correctthem/25563.txt,hCoV_19_USA_OH_ODH_SC35551_2020_EPI_ISL_776774_2020_04_26,25563,T,G,25563: G>T,OH,Ohio,USA,40.388783,-82.764915
../table1Anew/correctthem/25563.txt,hCoV_19_USA_OH_ODH_SC35555_2020_EPI_ISL_776773_2020_04_26,25563,T,G,25563: G>T,OH,Ohio,USA,40.388783,-82.764915
../table1Anew/correctthem/25563.txt,hCoV_19_USA_OH_ODH_SC35914_2020_EPI_ISL_802501_2020_04_29,25563,T,G,25563: G>T,OH,Ohio,USA,40.388783,-82.764915
../table1Anew/correctthem/25563.txt,hCoV_19_USA_OH_ODH_SC35931__2020_EPI_ISL_816135_2020_04_29,25563,T,G,25563: G>T,OH,Ohio,USA,40.388783,-82.764915
../table1Anew/correctthem/25563.txt,hCoV_19_USA_OH_ODH_SC35932_2020_EPI_ISL_816136_2020_04_29,25563,T,G,25563: G>T,OH,Ohio,USA,40.388783,-82.764915
../table1Anew/correctthem/25563.txt,hCoV_19_USA_OH_ODH_SC35942_2020_EPI_ISL_816432_2020_04_29,25563,T,G,25563: G>T,OH,Ohio,USA,40.388783,-82.764915
../table1Anew/correctthem/25563.txt,hCoV_19_USA_OH_ODH_SC35963_2020_EPI_ISL_819127_2020_04_30,25563,T,G,25563: G>T,OH,Ohio,USA,40.388783,-82.764915
../table1Anew/correctthem/25563.txt,hCoV_19_USA_OH_ODH_SC36003_2020_EPI_ISL_824332_2020_04_30,25563,T,G,25563: G>T,OH,Ohio,USA,40.388783,-82.764915
../table1Anew/correctthem/25563.txt,hCoV_19_USA_OH_ODH_SC36043_2020_EPI_ISL_824333_2020_04_30,25563,T,G,25563: G>T,OH,Ohio,USA,40.388783,-82.764915
../table1Anew/correctthem/25563.txt,hCoV_19_USA_OH_ODH_SC36050_2020_EPI_ISL_824384_2020_04_30,25563,T,G,25563: G>T,OH,Ohio,USA,40.388783,-82.764915
../table1Anew/correctthem/25563.txt,hCoV_19_USA_OH_ODH_SC36056_2020_EPI_ISL_824385_2020_04_30,25563,T,G,25563: G>T,OH,Ohio,USA,40.388783,-82.764915
../table1Anew/correctthem/25563.txt,hCoV_19_USA_OH_ODH_SC45734_2020_EPI_ISL_824386_2020_06_23,25563,T,G,25563: G>T,OH,Ohio,USA,40.388783,-82.764915
../table1Anew/correctthem/25563.txt,hCoV_19_USA_OH_OSUP0014_2020_EPI_ISL_427289_2020_03_31,25563,T,G,25563: G>T,OH,Ohio,USA,40.388783,-82.764915
../table1Anew/correctthem/25563.txt,hCoV_19_USA_OH_OSUP0017_2020_EPI_ISL_427290_2020_03_31,25563,T,G,25563: G>T,OH,Ohio,USA,40.388783,-82.764915
../table1Anew/correctthem/25563.txt,hCoV_19_USA_OH_OSUP0024_2020_EPI_ISL_430010_2020_04_12,25563,T,G,25563: G>T,OH,Ohio,USA,40.388783,-82.764915
../table1Anew/correctthem/25563.txt,hCoV_19_USA_OH_OSUP0112_2020_EPI_ISL_421675_2020_04_01,25563,T,G,25563: G>T,OH,Ohio,USA,40.388783,-82.764915
../table1Anew/correctthem/25563.txt,hCoV_19_USA_OH_QDX_1190_2020_EPI_ISL_572032_2020_03_16,25563,T,G,25563: G>T,OH,Ohio,USA,40.388783,-82.764915
../table1Anew/correctthem/25563.txt,hCoV_19_USA_OH_QDX_1501_2020_EPI_ISL_603843_2020_03_17,25563,T,G,25563: G>T,OH,Ohio,USA,40.388783,-82.764915
../table1Anew/correctthem/25563.txt,hCoV_19_USA_OH_QDX_1759_2020_EPI_ISL_604092_2020_03_17,25563,T,G,25563: G>T,OH,Ohio,USA,40.388783,-82.764915
../table1Anew/correctthem/25563.txt,hCoV_19_USA_OH_QDX_2050_2020_EPI_ISL_604372_2020_03_18,25563,T,G,25563: G>T,OH,Ohio,USA,40.388783,-82.764915
../table1Anew/correctthem/25563.txt,hCoV_19_USA_OH_QDX_2391_2020_EPI_ISL_604718_2020_03_16,25563,T,G,25563: G>T,OH,Ohio,USA,40.388783,-82.764915
../table1Anew/correctthem/25563.txt,hCoV_19_USA_OH_QDX_914_2020_EPI_ISL_571686_2020_03_23,25563,T,G,25563: G>T,OH,Ohio,USA,40.388783,-82.764915
../table1Anew/correctthem/25563.txt,hCoV_19_USA_OH_UPHL_2012663924_2020_EPI_ISL_738350_2020_12_14,25563,T,G,25563: G>T,OH,Ohio,USA,40.388783,-82.764915
../table1Anew/correctthem/25563.txt,hCoV_19_USA_OH_USAFSAM_S041_2020_EPI_ISL_512806_2020_03_22,25563,T,G,25563: G>T,OH,Ohio,USA,40.388783,-82.764915
../table1Anew/correctthem/25563.txt,hCoV_19_USA_OH_USAFSAM_S043_2020_EPI_ISL_512808_2020_03_27,25563,T,G,25563: G>T,OH,Ohio,USA,40.388783,-82.764915
../table1Anew/correctthem/25563.txt,hCoV_19_USA_OH_USAFSAM_S044_2020_EPI_ISL_512809_2020_04_01,25563,T,G,25563: G>T,OH,Ohio,USA,40.388783,-82.764915
../table1Anew/correctthem/25563.txt,hCoV_19_USA_OH_USAFSAM_S149_2020_EPI_ISL_812340_2020_04_17,25563,T,G,25563: G>T,OH,Ohio,USA,40.388783,-82.764915
../table1Anew/correctthem/25563.txt,hCoV_19_USA_OH_USAFSAM_S150_2020_EPI_ISL_812341_2020_05_14,25563,T,G,25563: G>T,OH,Ohio,USA,40.388783,-82.764915
../table1Anew/correctthem/25563.txt,hCoV_19_USA_OH_USAFSAM_S151_2020_EPI_ISL_812342_2020_06_05,25563,T,G,25563: G>T,OH,Ohio,USA,40.388783,-82.764915
../table1Anew/correctthem/25563.txt,hCoV_19_USA_OH_USAFSAM_S241_2020_EPI_ISL_812576_2020_07_27,25563,T,G,25563: G>T,OH,Ohio,USA,40.388783,-82.764915
../table1Anew/correctthem/25563.txt,hCoV_19_USA_OH_USAFSAM_S264_2020_EPI_ISL_812594_2020_08_07,25563,T,G,25563: G>T,OH,Ohio,USA,40.388783,-82.764915
../table1Anew/correctthem/25563.txt,hCoV_19_USA_OH_USAFSAM_S265_2020_EPI_ISL_812595_2020_08_06,25563,T,G,25563: G>T,OH,Ohio,USA,40.388783,-82.764915
../table1Anew/correctthem/25563.txt,hCoV_19_USA_OH_USAFSAM_S288_2020_EPI_ISL_812609_2020_08_13,25563,T,G,25563: G>T,OH,Ohio,USA,40.388783,-82.764915
../table1Anew/correctthem/25563.txt,hCoV_19_USA_OH_USAFSAM_S318_2020_EPI_ISL_812632_2020_08_17,25563,T,G,25563: G>T,OH,Ohio,USA,40.388783,-82.764915
../table1Anew/correctthem/25563.txt,hCoV_19_USA_OH_USAFSAM_S408_2020_EPI_ISL_812698_2020_09_08,25563,T,G,25563: G>T,OH,Ohio,USA,40.388783,-82.764915
../table1Anew/correctthem/25563.txt,hCoV_19_USA_OH_USAFSAM_S421_2020_EPI_ISL_812708_2020_09_17,25563,T,G,25563: G>T,OH,Ohio,USA,40.388783,-82.764915
../table1Anew/correctthem/25563.txt,hCoV_19_USA_OH_USAFSAM_S480_2020_EPI_ISL_831775_2020_10_15,25563,T,G,25563: G>T,OH,Ohio,USA,40.388783,-82.764915
../table1Anew/correctthem/25563.txt,hCoV_19_USA_OH_USAFSAM_S481_2020_EPI_ISL_831776_2020_10_15,25563,T,G,25563: G>T,OH,Ohio,USA,40.388783,-82.764915
../table1Anew/correctthem/25563.txt,hCoV_19_USA_OH_USAFSAM_S486_2020_EPI_ISL_831781_2020_10_19,25563,T,G,25563: G>T,OH,Ohio,USA,40.388783,-82.764915
../table1Anew/correctthem/25563.txt,hCoV_19_USA_OH_USAFSAM_S526_2020_EPI_ISL_831808_2020_11_17,25563,T,G,25563: G>T,OH,Ohio,USA,40.388783,-82.764915
../table1Anew/correctthem/25563.txt,hCoV_19_USA_OH_USAFSAM_S593_2020_EPI_ISL_831822_2020_11_16,25563,T,G,25563: G>T,OH,Ohio,USA,40.388783,-82.764915
../table1Anew/correctthem/25563.txt,hCoV_19_USA_OH_USAFSAM_S614_2020_EPI_ISL_831740_2020_11_24,25563,T,G,25563: G>T,OH,Ohio,USA,40.388783,-82.764915
../table1Anew/correctthem/25563.txt,hCoV_19_USA_OH_USAFSAM_S636_2020_EPI_ISL_831710_2020_12_04,25563,T,G,25563: G>T,OH,Ohio,USA,40.388783,-82.764915
../table1Anew/correctthem/25563.txt,hCoV_19_USA_OH_USAFSAM_S641_2020_EPI_ISL_831843_2020_11_30,25563,T,G,25563: G>T,OH,Ohio,USA,40.388783,-82.764915
../table1Anew/correctthem/25563.txt,hCoV_19_USA_OH_USAFSAM_S679_2020_EPI_ISL_831863_2020_12_04,25563,T,G,25563: G>T,OH,Ohio,USA,40.388783,-82.764915
../table1Anew/correctthem/25563.txt,hCoV_19_USA_OH_USAFSAM_S729_2020_EPI_ISL_831885_2020_12_17,25563,T,G,25563: G>T,OH,Ohio,USA,40.388783,-82.764915
../table1Anew/correctthem/25563.txt,hCoV_19_USA_OH_UW_2397_2020_EPI_ISL_754667_2020_12_05,25563,T,G,25563: G>T,OH,Ohio,USA,40.388783,-82.764915
../table1Anew/correctthem/25563.txt,hCoV_19_USA_OH_UW_2398_2020_EPI_ISL_754668_2020_12_05,25563,T,G,25563: G>T,OH,Ohio,USA,40.388783,-82.764915
../table1Anew/correctthem/25563.txt,hCoV_19_USA_OH_UW_2399_2020_EPI_ISL_754657_2020_12_02,25563,T,G,25563: G>T,OH,Ohio,USA,40.388783,-82.764915
../table1Anew/correctthem/25563.txt,hCoV_19_USA_OH_UW_2400_2020_EPI_ISL_754658_2020_12_02,25563,T,G,25563: G>T,OH,Ohio,USA,40.388783,-82.764915
../table1Anew/correctthem/25563.txt,hCoV_19_USA_OH_UW_2597_2021_EPI_ISL_791114_2021_01_03,25563,T,G,25563: G>T,OH,Ohio,USA,40.388783,-82.764915
../table1Anew/correctthem/25563.txt,hCoV_19_USA_OH_Yale_S050_2020_EPI_ISL_792558_2020_11_18,25563,T,G,25563: G>T,OH,Ohio,USA,40.388783,-82.764915
../table1Anew/correctthem/25563.txt,hCoV_19_USA_TX_HMH_MCoV_16363_2020_EPI_ISL_786047_2020_11_01,25563,T,G,25563: G>T,TX,Texas,USA,31.054487,-97.563461
../table1Anew/correctthem/25563.txt,hCoV_19_USA_TX_HMH_MCoV_18037_2020_EPI_ISL_786185_2020_11_16,25563,T,G,25563: G>T,TX,Texas,USA,31.054487,-97.563461
../table1Anew/correctthem/25563.txt,hCoV_19_USA_TX_HMH_MCoV_18655_2020_EPI_ISL_785003_2020_11_20,25563,T,G,25563: G>T,TX,Texas,USA,31.054487,-97.563461
../table1Anew/correctthem/25563.txt,hCoV_19_USA_TX_HMH_MCoV_18751_2020_EPI_ISL_785090_2020_11_22,25563,T,G,25563: G>T,TX,Texas,USA,31.054487,-97.563461
../table1Anew/correctthem/25563.txt,hCoV_19_USA_TX_HMH_MCoV_19692_2020_EPI_ISL_784046_2020_11_29,25563,T,G,25563: G>T,TX,Texas,USA,31.054487,-97.563461
../table1Anew/correctthem/25563.txt,hCoV_19_USA_UT_UPHL_2101766431_2020_EPI_ISL_812388_2020_12_15,25563,T,G,25563: G>T,UT,Utah,USA,40.150032,-111.862434
../table1Anew/correctthem/25563.txt,hCoV_19_USA_WY_WPHL_20167879_2020_EPI_ISL_765985_2020_12_18,25563,T,G,25563: G>T,WY,Wyoming,USA,42.755966,-107.30249
../table1Anew/correctthem/25563.txt,hCoV_19_USA_WY_WPHL_20167881_2020_EPI_ISL_766775_2020_12_18,25563,T,G,25563: G>T,WY,Wyoming,USA,42.755966,-107.30249
../table1Anew/correctthem/25563.txt,hCoV_19_USA_WY_WPHL_20170992_2020_EPI_ISL_832050_2020_12_28,25563,T,G,25563: G>T,WY,Wyoming,USA,42.755966,-107.30249
../table1Bnew/23063.txt,hCoV_19_Canada_BC_BCCDC_9557_2020_EPI_ISL_739662_2020_12,23063,T,A,23063: A>T,Canada_BC,British Columbia,Canada,54.112499,-126.55761
../table1Bnew/23063.txt,hCoV_19_Canada_ON_PHL_20_04108_2020_EPI_ISL_751796_2020_12,23063,T,A,23063: A>T,Canada_ON,Ontario,Canada,43.65107,-79.347015
../table1Bnew/23063.txt,hCoV_19_Canada_ON_PHL_20_04109_2020_EPI_ISL_751797_2020_12,23063,T,A,23063: A>T,Canada_ON,Ontario,Canada,43.65107,-79.347015
../table1Bnew/23063.txt,hCoV_19_Canada_ON_PHL_20_04116_2020_EPI_ISL_751798_2020_12,23063,T,A,23063: A>T,Canada_ON,Ontario,Canada,43.65107,-79.347015
../table1Bnew/23063.txt,hCoV_19_Canada_QC_L00314539_2020_EPI_ISL_745260_2020_12_15,23063,T,A,23063: A>T,Canada_QC,Quebec,Canada,52.939915,-73.549133
../table1Bnew/23063.txt,hCoV_19_Jamaica_JAM47542_2020_EPI_ISL_756367_2020_12_21,23063,T,A,23063: A>T,Jamaica,Jamaica,Jamaica,18.109581,-77.297508
../table1Bnew/23063.txt,hCoV_19_Mexico_TAM_InDRE_94_2020_EPI_ISL_794592_2020_12_31,23063,T,A,23063: A>T,Mexico_TAM,Tamaulipas,Mexico,22.233105,-97.861099
../table1Bnew/23063.txt,hCoV_19_USA_CA_CDC_STM_021_2020_EPI_ISL_802605_2020_12_28,23063,T,A,23063: A>T,CA,California,USA,36.116203,-119.681564
../table1Bnew/23063.txt,hCoV_19_USA_CA_CDC_STM_022_2020_EPI_ISL_802607_2020_12_29,23063,T,A,23063: A>T,CA,California,USA,36.116203,-119.681564
../table1Bnew/23063.txt,hCoV_19_USA_CA_CDC_STM_037_2020_EPI_ISL_802608_2020_12_28,23063,T,A,23063: A>T,CA,California,USA,36.116203,-119.681564
../table1Bnew/23063.txt,hCoV_19_USA_CA_CDC_STM_050_2020_EPI_ISL_802609_2020_12_28,23063,T,A,23063: A>T,CA,California,USA,36.116203,-119.681564
../table1Bnew/23063.txt,hCoV_19_USA_CA_CDC_STM_061_2020_EPI_ISL_802610_2020_12_27,23063,T,A,23063: A>T,CA,California,USA,36.116203,-119.681564
../table1Bnew/23063.txt,hCoV_19_USA_CA_CDC_STM_062_2020_EPI_ISL_802611_2020_12_27,23063,T,A,23063: A>T,CA,California,USA,36.116203,-119.681564
../table1Bnew/23063.txt,hCoV_19_USA_CA_CDC_STM_064_2020_EPI_ISL_802612_2020_12_26,23063,T,A,23063: A>T,CA,California,USA,36.116203,-119.681564
../table1Bnew/23063.txt,hCoV_19_USA_CA_CDC_STM_067_2020_EPI_ISL_802613_2020_12_26,23063,T,A,23063: A>T,CA,California,USA,36.116203,-119.681564
../table1Bnew/23063.txt,hCoV_19_USA_CA_CDC_STM_069_2020_EPI_ISL_802614_2020_12_26,23063,T,A,23063: A>T,CA,California,USA,36.116203,-119.681564
../table1Bnew/23063.txt,hCoV_19_USA_CA_CDC_STM_070_2020_EPI_ISL_802615_2020_12_26,23063,T,A,23063: A>T,CA,California,USA,36.116203,-119.681564
../table1Bnew/23063.txt,hCoV_19_USA_CA_CDC_STM_071_2020_EPI_ISL_802616_2020_12_26,23063,T,A,23063: A>T,CA,California,USA,36.116203,-119.681564
../table1Bnew/23063.txt,hCoV_19_USA_CA_CDC_STM_073_2020_EPI_ISL_802617_2020_12_26,23063,T,A,23063: A>T,CA,California,USA,36.116203,-119.681564
../table1Bnew/23063.txt,hCoV_19_USA_CA_CDC_STM_076_2020_EPI_ISL_802618_2020_12_29,23063,T,A,23063: A>T,CA,California,USA,36.116203,-119.681564
../table1Bnew/23063.txt,hCoV_19_USA_CA_CDC_STM_077_2020_EPI_ISL_802619_2020_12_29,23063,T,A,23063: A>T,CA,California,USA,36.116203,-119.681564
../table1Bnew/23063.txt,hCoV_19_USA_CA_CDC_STM_078_2020_EPI_ISL_802620_2020_12_29,23063,T,A,23063: A>T,CA,California,USA,36.116203,-119.681564
../table1Bnew/23063.txt,hCoV_19_USA_CA_CDC_STM_080_2020_EPI_ISL_802621_2020_12_29,23063,T,A,23063: A>T,CA,California,USA,36.116203,-119.681564
../table1Bnew/23063.txt,hCoV_19_USA_CA_CDC_STM_082_2020_EPI_ISL_802622_2020_12_29,23063,T,A,23063: A>T,CA,California,USA,36.116203,-119.681564
../table1Bnew/23063.txt,hCoV_19_USA_CA_CDC_STM_087_2020_EPI_ISL_802623_2020_12_29,23063,T,A,23063: A>T,CA,California,USA,36.116203,-119.681564
../table1Bnew/23063.txt,hCoV_19_USA_CA_CDC_STM_097_2020_EPI_ISL_802604_2020_12_29,23063,T,A,23063: A>T,CA,California,USA,36.116203,-119.681564
../table1Bnew/23063.txt,hCoV_19_USA_CA_CDC_STM_105_2020_EPI_ISL_802624_2020_12_29,23063,T,A,23063: A>T,CA,California,USA,36.116203,-119.681564
../table1Bnew/23063.txt,hCoV_19_USA_CA_CDC_STM_126_2020_EPI_ISL_802625_2020_12_30,23063,T,A,23063: A>T,CA,California,USA,36.116203,-119.681564
../table1Bnew/23063.txt,hCoV_19_USA_CA_CDC_STM_127_2020_EPI_ISL_802626_2020_12_30,23063,T,A,23063: A>T,CA,California,USA,36.116203,-119.681564
../table1Bnew/23063.txt,hCoV_19_USA_CA_CDC_STM_128_2020_EPI_ISL_802601_2020_12_30,23063,T,A,23063: A>T,CA,California,USA,36.116203,-119.681564
../table1Bnew/23063.txt,hCoV_19_USA_CA_CDC_STM_130_2020_EPI_ISL_802627_2020_12_30,23063,T,A,23063: A>T,CA,California,USA,36.116203,-119.681564
../table1Bnew/23063.txt,hCoV_19_USA_CA_CDC_STM_131_2020_EPI_ISL_802628_2020_12_30,23063,T,A,23063: A>T,CA,California,USA,36.116203,-119.681564
../table1Bnew/23063.txt,hCoV_19_USA_CA_CDC_STM_P017_2020_EPI_ISL_755594_2020_12_20,23063,T,A,23063: A>T,CA,California,USA,36.116203,-119.681564
../table1Bnew/23063.txt,hCoV_19_USA_CA_CDC_STM_P019_2020_EPI_ISL_755595_2020_12_21,23063,T,A,23063: A>T,CA,California,USA,36.116203,-119.681564
../table1Bnew/23063.txt,hCoV_19_USA_CA_CDC_STM_P025_2020_EPI_ISL_755596_2020_12_20,23063,T,A,23063: A>T,CA,California,USA,36.116203,-119.681564
../table1Bnew/23063.txt,hCoV_19_USA_CA_CDPH_UC301_2020_EPI_ISL_755940_2020_12_20,23063,T,A,23063: A>T,CA,California,USA,36.116203,-119.681564
../table1Bnew/23063.txt,hCoV_19_USA_CA_CDPH_UC302_2020_EPI_ISL_755941_2020_12_20,23063,T,A,23063: A>T,CA,California,USA,36.116203,-119.681564
../table1Bnew/23063.txt,hCoV_19_USA_CA_SEARCH_5574_2020_EPI_ISL_751801_2020_12_29,23063,T,A,23063: A>T,CA,California,USA,36.116203,-119.681564
../table1Bnew/23063.txt,hCoV_19_USA_CA_UW_63893941_2021_EPI_ISL_832204_2021_01_08,23063,T,A,23063: A>T,CA,California,USA,36.116203,-119.681564
../table1Bnew/23063.txt,hCoV_19_USA_CO_CDPHE_2100156850_2020_EPI_ISL_751800_2020_12_24,23063,T,A,23063: A>T,CO,Colorado,USA,39.059811,-105.311104
../table1Bnew/23063.txt,hCoV_19_USA_CT_Yale_S018_2021_EPI_ISL_779153_2021_01_02,23063,T,A,23063: A>T,CT,Connecticut,USA,41.597782,-72.755371
../table1Bnew/23063.txt,hCoV_19_USA_CT_Yale_S019_2021_EPI_ISL_779154_2021_01_04,23063,T,A,23063: A>T,CT,Connecticut,USA,41.597782,-72.755371
../table1Bnew/23063.txt,hCoV_19_USA_FL_BPHL_2270_2020_EPI_ISL_802725_2020_12_29,23063,T,A,23063: A>T,FL,Florida,USA,27.766279,-81.686783
../table1Bnew/23063.txt,hCoV_19_USA_FL_CDC_STM_024_2020_EPI_ISL_802629_2020_12_28,23063,T,A,23063: A>T,FL,Florida,USA,27.766279,-81.686783
../table1Bnew/23063.txt,hCoV_19_USA_FL_CDC_STM_032_2020_EPI_ISL_802630_2020_12_27,23063,T,A,23063: A>T,FL,Florida,USA,27.766279,-81.686783
../table1Bnew/23063.txt,hCoV_19_USA_FL_CDC_STM_033_2020_EPI_ISL_802631_2020_12_27,23063,T,A,23063: A>T,FL,Florida,USA,27.766279,-81.686783
../table1Bnew/23063.txt,hCoV_19_USA_FL_CDC_STM_042_2020_EPI_ISL_802632_2020_12_26,23063,T,A,23063: A>T,FL,Florida,USA,27.766279,-81.686783
../table1Bnew/23063.txt,hCoV_19_USA_FL_CDC_STM_043_2020_EPI_ISL_802647_2020_12_26,23063,T,A,23063: A>T,FL,Florida,USA,27.766279,-81.686783
../table1Bnew/23063.txt,hCoV_19_USA_FL_CDC_STM_044_2020_EPI_ISL_802633_2020_12_26,23063,T,A,23063: A>T,FL,Florida,USA,27.766279,-81.686783
../table1Bnew/23063.txt,hCoV_19_USA_FL_CDC_STM_049_2020_EPI_ISL_802634_2020_12_26,23063,T,A,23063: A>T,FL,Florida,USA,27.766279,-81.686783
../table1Bnew/23063.txt,hCoV_19_USA_FL_CDC_STM_055_2020_EPI_ISL_802635_2020_12_26,23063,T,A,23063: A>T,FL,Florida,USA,27.766279,-81.686783
../table1Bnew/23063.txt,hCoV_19_USA_FL_CDC_STM_056_2020_EPI_ISL_802636_2020_12_26,23063,T,A,23063: A>T,FL,Florida,USA,27.766279,-81.686783
../table1Bnew/23063.txt,hCoV_19_USA_FL_CDC_STM_075_2020_EPI_ISL_802648_2020_12_28,23063,T,A,23063: A>T,FL,Florida,USA,27.766279,-81.686783
../table1Bnew/23063.txt,hCoV_19_USA_FL_CDC_STM_083_2020_EPI_ISL_802637_2020_12_28,23063,T,A,23063: A>T,FL,Florida,USA,27.766279,-81.686783
../table1Bnew/23063.txt,hCoV_19_USA_FL_CDC_STM_085_2020_EPI_ISL_802638_2020_12_28,23063,T,A,23063: A>T,FL,Florida,USA,27.766279,-81.686783
../table1Bnew/23063.txt,hCoV_19_USA_FL_CDC_STM_088_2020_EPI_ISL_802639_2020_12_28,23063,T,A,23063: A>T,FL,Florida,USA,27.766279,-81.686783
../table1Bnew/23063.txt,hCoV_19_USA_FL_CDC_STM_100_2020_EPI_ISL_802640_2020_12_28,23063,T,A,23063: A>T,FL,Florida,USA,27.766279,-81.686783
../table1Bnew/23063.txt,hCoV_19_USA_FL_CDC_STM_115_2020_EPI_ISL_802641_2020_12_29,23063,T,A,23063: A>T,FL,Florida,USA,27.766279,-81.686783
../table1Bnew/23063.txt,hCoV_19_USA_FL_CDC_STM_124_2020_EPI_ISL_802606_2020_12_29,23063,T,A,23063: A>T,FL,Florida,USA,27.766279,-81.686783
../table1Bnew/23063.txt,hCoV_19_USA_FL_CDC_STM_134_2020_EPI_ISL_802642_2020_12_29,23063,T,A,23063: A>T,FL,Florida,USA,27.766279,-81.686783
../table1Bnew/23063.txt,hCoV_19_USA_FL_CDC_STM_135_2020_EPI_ISL_802643_2020_12_29,23063,T,A,23063: A>T,FL,Florida,USA,27.766279,-81.686783
../table1Bnew/23063.txt,hCoV_19_USA_FL_CDC_STM_136_2020_EPI_ISL_802644_2020_12_29,23063,T,A,23063: A>T,FL,Florida,USA,27.766279,-81.686783
../table1Bnew/23063.txt,hCoV_19_USA_FL_CDC_STM_145_2020_EPI_ISL_802645_2020_12_30,23063,T,A,23063: A>T,FL,Florida,USA,27.766279,-81.686783
../table1Bnew/23063.txt,hCoV_19_USA_FL_CDC_STM_147_2020_EPI_ISL_802646_2020_12_30,23063,T,A,23063: A>T,FL,Florida,USA,27.766279,-81.686783
../table1Bnew/23063.txt,hCoV_19_USA_FL_CDC_STM_P012_2020_EPI_ISL_755593_2020_12_19,23063,T,A,23063: A>T,FL,Florida,USA,27.766279,-81.686783
../table1Bnew/23063.txt,hCoV_19_USA_GA_CDC_STM_133_2020_EPI_ISL_802649_2020_12_29,23063,T,A,23063: A>T,GA,Georgia,USA,33.040619,-83.643074
../table1Bnew/23063.txt,hCoV_19_USA_IL_GMF_18664_2020_EPI_ISL_547774_2020_09_03,23063,T,A,23063: A>T,IL,Illinois,USA,40.349457,-88.986137
../table1Bnew/23063.txt,hCoV_19_USA_IL_NM_5336_2020_EPI_ISL_825014_2020_12_29,23063,T,A,23063: A>T,IL,Illinois,USA,40.349457,-88.986137
../table1Bnew/23063.txt,hCoV_19_USA_LA_EVTL1094_2020_EPI_ISL_768364_2020_12_01,23063,T,A,23063: A>T,LA,Louisiana,USA,31.169546,-91.867805
../table1Bnew/23063.txt,hCoV_19_USA_LA_EVTL1292_2020_EPI_ISL_778958_2020_12_10,23063,T,A,23063: A>T,LA,Louisiana,USA,31.169546,-91.867805
../table1Bnew/23063.txt,hCoV_19_USA_LA_EVTL1293_2020_EPI_ISL_778959_2020_12_10,23063,T,A,23063: A>T,LA,Louisiana,USA,31.169546,-91.867805
../table1Bnew/23063.txt,hCoV_19_USA_LA_EVTL1294_2020_EPI_ISL_778960_2020_12_10,23063,T,A,23063: A>T,LA,Louisiana,USA,31.169546,-91.867805
../table1Bnew/23063.txt,hCoV_19_USA_LA_EVTL1461_2020_EPI_ISL_779127_2020_12_18,23063,T,A,23063: A>T,LA,Louisiana,USA,31.169546,-91.867805
../table1Bnew/23063.txt,hCoV_19_USA_MA_JLL_D128_2020_EPI_ISL_593554_2020_08_16,23063,T,A,23063: A>T,MA,Massachusetts,USA,42.230171,-71.530106
../table1Bnew/23063.txt,hCoV_19_USA_MA_JLL_D130_2020_EPI_ISL_593555_2020_08_18,23063,T,A,23063: A>T,MA,Massachusetts,USA,42.230171,-71.530106
../table1Bnew/23063.txt,hCoV_19_USA_MA_JLL_D143_2020_EPI_ISL_593556_2020_08_31,23063,T,A,23063: A>T,MA,Massachusetts,USA,42.230171,-71.530106
../table1Bnew/23063.txt,hCoV_19_USA_MA_JLL_D146_2020_EPI_ISL_593557_2020_09_03,23063,T,A,23063: A>T,MA,Massachusetts,USA,42.230171,-71.530106
../table1Bnew/23063.txt,hCoV_19_USA_MA_JLL_D152_2020_EPI_ISL_593558_2020_09_09,23063,T,A,23063: A>T,MA,Massachusetts,USA,42.230171,-71.530106
../table1Bnew/23063.txt,hCoV_19_USA_MD_HP01101_2021_EPI_ISL_825013_2021_01_06,23063,T,A,23063: A>T,MD,Maryland,USA,39.063946,-76.802101
../table1Bnew/23063.txt,hCoV_19_USA_MI_MDHHS_SC23042_2021_EPI_ISL_832127_2021_01_08,23063,T,A,23063: A>T,MI,Michigan,USA,43.326618,-84.536095
../table1Bnew/23063.txt,hCoV_19_USA_MI_UM_10036889025_2020_EPI_ISL_826428_2020_11_11,23063,T,A,23063: A>T,MI,Michigan,USA,43.326618,-84.536095
../table1Bnew/23063.txt,hCoV_19_USA_MN_MDH_2252_2020_EPI_ISL_802573_2020_12_18,23063,T,A,23063: A>T,MN,Minnesota,USA,45.694454,-93.900192
../table1Bnew/23063.txt,hCoV_19_USA_MN_MDH_2253_2020_EPI_ISL_802574_2020_12_26,23063,T,A,23063: A>T,MN,Minnesota,USA,45.694454,-93.900192
../table1Bnew/23063.txt,hCoV_19_USA_MN_MDH_2254_2020_EPI_ISL_802575_2020_12_28,23063,T,A,23063: A>T,MN,Minnesota,USA,45.694454,-93.900192
../table1Bnew/23063.txt,hCoV_19_USA_MN_MDH_2255_2020_EPI_ISL_802576_2020_12_26,23063,T,A,23063: A>T,MN,Minnesota,USA,45.694454,-93.900192
../table1Bnew/23063.txt,hCoV_19_USA_NM_DOH_2021001734_2021_EPI_ISL_824554_2021_01_03,23063,T,A,23063: A>T,NM,New Mexico,USA,34.840515,-106.248482
../table1Bnew/23063.txt,hCoV_19_USA_NM_DOH_2021003333_2021_EPI_ISL_831909_2021_01_04,23063,T,A,23063: A>T,NM,New Mexico,USA,34.840515,-106.248482
../table1Bnew/23063.txt,hCoV_19_USA_NY_AECOM_135_2020_EPI_ISL_826591_2020_10_30,23063,T,A,23063: A>T,NY,New York,USA,42.165726,-74.948051
../table1Bnew/23063.txt,hCoV_19_USA_NY_NYUMC836_2020_EPI_ISL_456109_2020_04_21,23063,T,A,23063: A>T,NY,New York,USA,42.165726,-74.948051
../table1Bnew/23063.txt,hCoV_19_USA_NY_Wadsworth_21000993_01_2021_EPI_ISL_804948_2021_01_04,23063,T,A,23063: A>T,NY,New York,USA,42.165726,-74.948051
../table1Bnew/23063.txt,hCoV_19_USA_NY_Wadsworth_21000994_01_2021_EPI_ISL_804945_2021_01_04,23063,T,A,23063: A>T,NY,New York,USA,42.165726,-74.948051
../table1Bnew/23063.txt,hCoV_19_USA_NY_Wadsworth_21001194_01_2020_EPI_ISL_804946_2020_12_27,23063,T,A,23063: A>T,NY,New York,USA,42.165726,-74.948051
../table1Bnew/23063.txt,hCoV_19_USA_NY_Wadsworth_21001480_01_2021_EPI_ISL_804947_2021_01_05,23063,T,A,23063: A>T,NY,New York,USA,42.165726,-74.948051
../table1Bnew/23063.txt,hCoV_19_USA_NY_Wadsworth_21001916_01_2020_EPI_ISL_804980_2020_12_24,23063,T,A,23063: A>T,NY,New York,USA,42.165726,-74.948051
../table1Bnew/23063.txt,hCoV_19_USA_NY_Wadsworth_21002412_01_2021_EPI_ISL_804981_2021_01_02,23063,T,A,23063: A>T,NY,New York,USA,42.165726,-74.948051
../table1Bnew/23063.txt,hCoV_19_USA_NY_Wadsworth_21002416_2020_EPI_ISL_804984_2020_12_31,23063,T,A,23063: A>T,NY,New York,USA,42.165726,-74.948051
../table1Bnew/23063.txt,hCoV_19_USA_NY_Wadsworth_21002419_01_2020_EPI_ISL_804982_2020_12_31,23063,T,A,23063: A>T,NY,New York,USA,42.165726,-74.948051
../table1Bnew/23063.txt,hCoV_19_USA_NY_Wadsworth_21002420_01_2020_EPI_ISL_804983_2020_12_31,23063,T,A,23063: A>T,NY,New York,USA,42.165726,-74.948051
../table1Bnew/23063.txt,hCoV_19_USA_NY_Wadsworth_21002979_01_2020_EPI_ISL_830214_2020_12_30,23063,T,A,23063: A>T,NY,New York,USA,42.165726,-74.948051
../table1Bnew/23063.txt,hCoV_19_USA_NY_Wadsworth_21004124_01_2021_EPI_ISL_830572_2021_01_04,23063,T,A,23063: A>T,NY,New York,USA,42.165726,-74.948051
../table1Bnew/23063.txt,hCoV_19_USA_NY_Wadsworth_291673_01_2020_EPI_ISL_767594_2020_12_24,23063,T,A,23063: A>T,NY,New York,USA,42.165726,-74.948051
../table1Bnew/23063.txt,hCoV_19_USA_OH_DEC32_2020_EPI_ISL_826521_2020_12_30,23063,T,A,23063: A>T,OH,Ohio,USA,40.388783,-82.764915
../table1Bnew/23063.txt,hCoV_19_USA_OH_JML_COH119_2021_EPI_ISL_832378_2021_01_06,23063,T,A,23063: A>T,OH,Ohio,USA,40.388783,-82.764915
../table1Bnew/23063.txt,hCoV_19_USA_OK_ADDL_6_2021_EPI_ISL_812346_2021_01_09,23063,T,A,23063: A>T,OK,Oklahoma,USA,35.565342,-96.928917
../table1Bnew/23063.txt,hCoV_19_USA_OR_OHSU_1729_2020_EPI_ISL_526015_2020_07_24,23063,T,A,23063: A>T,OR,Oregon,USA,44.572021,-122.070938
../table1Bnew/23063.txt,hCoV_19_USA_OR_UW_63893956_2021_EPI_ISL_832203_2021_01_08,23063,T,A,23063: A>T,OR,Oregon,USA,44.572021,-122.070938
../table1Bnew/23063.txt,hCoV_19_USA_PA_CDC_STM_119_2020_EPI_ISL_802650_2020_12_28,23063,T,A,23063: A>T,PA,Pennsylvania,USA,40.590752,-77.209755
../table1Bnew/23063.txt,hCoV_19_USA_TX_CDC_9KXP_8438_2020_EPI_ISL_778842_2020_12_28,23063,T,A,23063: A>T,TX,Texas,USA,31.054487,-97.563461
../table1Bnew/23063.txt,hCoV_19_USA_TX_HMH_MCoV_16363_2020_EPI_ISL_786047_2020_11_01,23063,T,A,23063: A>T,TX,Texas,USA,31.054487,-97.563461
../table1Bnew/23063.txt,hCoV_19_USA_TX_HMH_MCoV_18037_2020_EPI_ISL_786185_2020_11_16,23063,T,A,23063: A>T,TX,Texas,USA,31.054487,-97.563461
../table1Bnew/23063.txt,hCoV_19_USA_TX_HMH_MCoV_18325_2020_EPI_ISL_784673_2020_11_17,23063,T,A,23063: A>T,TX,Texas,USA,31.054487,-97.563461
../table1Bnew/23063.txt,hCoV_19_USA_TX_HMH_MCoV_18655_2020_EPI_ISL_785003_2020_11_20,23063,T,A,23063: A>T,TX,Texas,USA,31.054487,-97.563461
../table1Bnew/23063.txt,hCoV_19_USA_TX_HMH_MCoV_18751_2020_EPI_ISL_785090_2020_11_22,23063,T,A,23063: A>T,TX,Texas,USA,31.054487,-97.563461
../table1Bnew/23063.txt,hCoV_19_USA_TX_HMH_MCoV_19692_2020_EPI_ISL_784046_2020_11_29,23063,T,A,23063: A>T,TX,Texas,USA,31.054487,-97.563461
../table1Bnew/23063.txt,hCoV_19_USA_UT_UPHL_2101766431_2020_EPI_ISL_812388_2020_12_15,23063,T,A,23063: A>T,UT,Utah,USA,40.150032,-111.862434
../table1Bnew/23063.txt,hCoV_19_USA_WY_WPHL_20167879_2020_EPI_ISL_765985_2020_12_18,23063,T,A,23063: A>T,WY,Wyoming,USA,42.755966,-107.30249
../table1Bnew/23063.txt,hCoV_19_USA_WY_WPHL_20167881_2020_EPI_ISL_766775_2020_12_18,23063,T,A,23063: A>T,WY,Wyoming,USA,42.755966,-107.30249
../table1Bnew/23063.txt,hCoV_19_USA_WY_WPHL_20170992_2020_EPI_ISL_832050_2020_12_28,23063,T,A,23063: A>T,WY,Wyoming,USA,42.755966,-107.30249
../table1Bnew/28048.txt,hCoV_19_Canada_BC_BCCDC_9557_2020_EPI_ISL_739662_2020_12,28048,T,G,28048: G>T,Canada_BC,British Columbia,Canada,54.112499,-126.55761
../table1Bnew/28048.txt,hCoV_19_Canada_ON_PHL_20_04108_2020_EPI_ISL_751796_2020_12,28048,T,G,28048: G>T,Canada_ON,Ontario,Canada,43.65107,-79.347015
../table1Bnew/28048.txt,hCoV_19_Canada_ON_PHL_20_04109_2020_EPI_ISL_751797_2020_12,28048,T,G,28048: G>T,Canada_ON,Ontario,Canada,43.65107,-79.347015
../table1Bnew/28048.txt,hCoV_19_Canada_ON_PHL_20_04116_2020_EPI_ISL_751798_2020_12,28048,T,G,28048: G>T,Canada_ON,Ontario,Canada,43.65107,-79.347015
../table1Bnew/28048.txt,hCoV_19_Canada_QC_L00314539_2020_EPI_ISL_745260_2020_12_15,28048,T,G,28048: G>T,Canada_QC,Quebec,Canada,52.939915,-73.549133
../table1Bnew/28048.txt,hCoV_19_Mexico_TAM_InDRE_94_2020_EPI_ISL_794592_2020_12_31,28048,T,G,28048: G>T,Mexico_TAM,Tamaulipas,Mexico,22.233105,-97.861099
../table1Bnew/28048.txt,hCoV_19_USA_CA_CDC_STM_021_2020_EPI_ISL_802605_2020_12_28,28048,T,G,28048: G>T,CA,California,USA,36.116203,-119.681564
../table1Bnew/28048.txt,hCoV_19_USA_CA_CDC_STM_022_2020_EPI_ISL_802607_2020_12_29,28048,T,G,28048: G>T,CA,California,USA,36.116203,-119.681564
../table1Bnew/28048.txt,hCoV_19_USA_CA_CDC_STM_037_2020_EPI_ISL_802608_2020_12_28,28048,T,G,28048: G>T,CA,California,USA,36.116203,-119.681564
../table1Bnew/28048.txt,hCoV_19_USA_CA_CDC_STM_050_2020_EPI_ISL_802609_2020_12_28,28048,T,G,28048: G>T,CA,California,USA,36.116203,-119.681564
../table1Bnew/28048.txt,hCoV_19_USA_CA_CDC_STM_061_2020_EPI_ISL_802610_2020_12_27,28048,T,G,28048: G>T,CA,California,USA,36.116203,-119.681564
../table1Bnew/28048.txt,hCoV_19_USA_CA_CDC_STM_062_2020_EPI_ISL_802611_2020_12_27,28048,T,G,28048: G>T,CA,California,USA,36.116203,-119.681564
../table1Bnew/28048.txt,hCoV_19_USA_CA_CDC_STM_064_2020_EPI_ISL_802612_2020_12_26,28048,T,G,28048: G>T,CA,California,USA,36.116203,-119.681564
../table1Bnew/28048.txt,hCoV_19_USA_CA_CDC_STM_067_2020_EPI_ISL_802613_2020_12_26,28048,T,G,28048: G>T,CA,California,USA,36.116203,-119.681564
../table1Bnew/28048.txt,hCoV_19_USA_CA_CDC_STM_069_2020_EPI_ISL_802614_2020_12_26,28048,T,G,28048: G>T,CA,California,USA,36.116203,-119.681564
../table1Bnew/28048.txt,hCoV_19_USA_CA_CDC_STM_070_2020_EPI_ISL_802615_2020_12_26,28048,T,G,28048: G>T,CA,California,USA,36.116203,-119.681564
../table1Bnew/28048.txt,hCoV_19_USA_CA_CDC_STM_071_2020_EPI_ISL_802616_2020_12_26,28048,T,G,28048: G>T,CA,California,USA,36.116203,-119.681564
../table1Bnew/28048.txt,hCoV_19_USA_CA_CDC_STM_073_2020_EPI_ISL_802617_2020_12_26,28048,T,G,28048: G>T,CA,California,USA,36.116203,-119.681564
../table1Bnew/28048.txt,hCoV_19_USA_CA_CDC_STM_076_2020_EPI_ISL_802618_2020_12_29,28048,T,G,28048: G>T,CA,California,USA,36.116203,-119.681564
../table1Bnew/28048.txt,hCoV_19_USA_CA_CDC_STM_077_2020_EPI_ISL_802619_2020_12_29,28048,T,G,28048: G>T,CA,California,USA,36.116203,-119.681564
../table1Bnew/28048.txt,hCoV_19_USA_CA_CDC_STM_078_2020_EPI_ISL_802620_2020_12_29,28048,T,G,28048: G>T,CA,California,USA,36.116203,-119.681564
../table1Bnew/28048.txt,hCoV_19_USA_CA_CDC_STM_080_2020_EPI_ISL_802621_2020_12_29,28048,T,G,28048: G>T,CA,California,USA,36.116203,-119.681564
../table1Bnew/28048.txt,hCoV_19_USA_CA_CDC_STM_082_2020_EPI_ISL_802622_2020_12_29,28048,T,G,28048: G>T,CA,California,USA,36.116203,-119.681564
../table1Bnew/28048.txt,hCoV_19_USA_CA_CDC_STM_087_2020_EPI_ISL_802623_2020_12_29,28048,T,G,28048: G>T,CA,California,USA,36.116203,-119.681564
../table1Bnew/28048.txt,hCoV_19_USA_CA_CDC_STM_097_2020_EPI_ISL_802604_2020_12_29,28048,T,G,28048: G>T,CA,California,USA,36.116203,-119.681564
../table1Bnew/28048.txt,hCoV_19_USA_CA_CDC_STM_105_2020_EPI_ISL_802624_2020_12_29,28048,T,G,28048: G>T,CA,California,USA,36.116203,-119.681564
../table1Bnew/28048.txt,hCoV_19_USA_CA_CDC_STM_126_2020_EPI_ISL_802625_2020_12_30,28048,T,G,28048: G>T,CA,California,USA,36.116203,-119.681564
../table1Bnew/28048.txt,hCoV_19_USA_CA_CDC_STM_127_2020_EPI_ISL_802626_2020_12_30,28048,T,G,28048: G>T,CA,California,USA,36.116203,-119.681564
../table1Bnew/28048.txt,hCoV_19_USA_CA_CDC_STM_128_2020_EPI_ISL_802601_2020_12_30,28048,T,G,28048: G>T,CA,California,USA,36.116203,-119.681564
../table1Bnew/28048.txt,hCoV_19_USA_CA_CDC_STM_130_2020_EPI_ISL_802627_2020_12_30,28048,T,G,28048: G>T,CA,California,USA,36.116203,-119.681564
../table1Bnew/28048.txt,hCoV_19_USA_CA_CDC_STM_131_2020_EPI_ISL_802628_2020_12_30,28048,T,G,28048: G>T,CA,California,USA,36.116203,-119.681564
../table1Bnew/28048.txt,hCoV_19_USA_CA_CDC_STM_P017_2020_EPI_ISL_755594_2020_12_20,28048,T,G,28048: G>T,CA,California,USA,36.116203,-119.681564
../table1Bnew/28048.txt,hCoV_19_USA_CA_CDC_STM_P019_2020_EPI_ISL_755595_2020_12_21,28048,T,G,28048: G>T,CA,California,USA,36.116203,-119.681564
../table1Bnew/28048.txt,hCoV_19_USA_CA_CDC_STM_P025_2020_EPI_ISL_755596_2020_12_20,28048,T,G,28048: G>T,CA,California,USA,36.116203,-119.681564
../table1Bnew/28048.txt,hCoV_19_USA_CA_CDPH_UC301_2020_EPI_ISL_755940_2020_12_20,28048,T,G,28048: G>T,CA,California,USA,36.116203,-119.681564
../table1Bnew/28048.txt,hCoV_19_USA_CA_CDPH_UC302_2020_EPI_ISL_755941_2020_12_20,28048,T,G,28048: G>T,CA,California,USA,36.116203,-119.681564
../table1Bnew/28048.txt,hCoV_19_USA_CA_SEARCH_5574_2020_EPI_ISL_751801_2020_12_29,28048,T,G,28048: G>T,CA,California,USA,36.116203,-119.681564
../table1Bnew/28048.txt,hCoV_19_USA_CA_UW_63893941_2021_EPI_ISL_832204_2021_01_08,28048,T,G,28048: G>T,CA,California,USA,36.116203,-119.681564
../table1Bnew/28048.txt,hCoV_19_USA_CO_CDPHE_2100156850_2020_EPI_ISL_751800_2020_12_24,28048,T,G,28048: G>T,CO,Colorado,USA,39.059811,-105.311104
../table1Bnew/28048.txt,hCoV_19_USA_CT_Yale_S018_2021_EPI_ISL_779153_2021_01_02,28048,T,G,28048: G>T,CT,Connecticut,USA,41.597782,-72.755371
../table1Bnew/28048.txt,hCoV_19_USA_CT_Yale_S019_2021_EPI_ISL_779154_2021_01_04,28048,T,G,28048: G>T,CT,Connecticut,USA,41.597782,-72.755371
../table1Bnew/28048.txt,hCoV_19_USA_FL_BPHL_2270_2020_EPI_ISL_802725_2020_12_29,28048,T,G,28048: G>T,FL,Florida,USA,27.766279,-81.686783
../table1Bnew/28048.txt,hCoV_19_USA_FL_CDC_STM_024_2020_EPI_ISL_802629_2020_12_28,28048,T,G,28048: G>T,FL,Florida,USA,27.766279,-81.686783
../table1Bnew/28048.txt,hCoV_19_USA_FL_CDC_STM_032_2020_EPI_ISL_802630_2020_12_27,28048,T,G,28048: G>T,FL,Florida,USA,27.766279,-81.686783
../table1Bnew/28048.txt,hCoV_19_USA_FL_CDC_STM_033_2020_EPI_ISL_802631_2020_12_27,28048,T,G,28048: G>T,FL,Florida,USA,27.766279,-81.686783
../table1Bnew/28048.txt,hCoV_19_USA_FL_CDC_STM_042_2020_EPI_ISL_802632_2020_12_26,28048,T,G,28048: G>T,FL,Florida,USA,27.766279,-81.686783
../table1Bnew/28048.txt,hCoV_19_USA_FL_CDC_STM_043_2020_EPI_ISL_802647_2020_12_26,28048,T,G,28048: G>T,FL,Florida,USA,27.766279,-81.686783
../table1Bnew/28048.txt,hCoV_19_USA_FL_CDC_STM_044_2020_EPI_ISL_802633_2020_12_26,28048,T,G,28048: G>T,FL,Florida,USA,27.766279,-81.686783
../table1Bnew/28048.txt,hCoV_19_USA_FL_CDC_STM_049_2020_EPI_ISL_802634_2020_12_26,28048,T,G,28048: G>T,FL,Florida,USA,27.766279,-81.686783
../table1Bnew/28048.txt,hCoV_19_USA_FL_CDC_STM_055_2020_EPI_ISL_802635_2020_12_26,28048,T,G,28048: G>T,FL,Florida,USA,27.766279,-81.686783
../table1Bnew/28048.txt,hCoV_19_USA_FL_CDC_STM_056_2020_EPI_ISL_802636_2020_12_26,28048,T,G,28048: G>T,FL,Florida,USA,27.766279,-81.686783
../table1Bnew/28048.txt,hCoV_19_USA_FL_CDC_STM_075_2020_EPI_ISL_802648_2020_12_28,28048,T,G,28048: G>T,FL,Florida,USA,27.766279,-81.686783
../table1Bnew/28048.txt,hCoV_19_USA_FL_CDC_STM_083_2020_EPI_ISL_802637_2020_12_28,28048,T,G,28048: G>T,FL,Florida,USA,27.766279,-81.686783
../table1Bnew/28048.txt,hCoV_19_USA_FL_CDC_STM_085_2020_EPI_ISL_802638_2020_12_28,28048,T,G,28048: G>T,FL,Florida,USA,27.766279,-81.686783
../table1Bnew/28048.txt,hCoV_19_USA_FL_CDC_STM_088_2020_EPI_ISL_802639_2020_12_28,28048,T,G,28048: G>T,FL,Florida,USA,27.766279,-81.686783
../table1Bnew/28048.txt,hCoV_19_USA_FL_CDC_STM_100_2020_EPI_ISL_802640_2020_12_28,28048,T,G,28048: G>T,FL,Florida,USA,27.766279,-81.686783
../table1Bnew/28048.txt,hCoV_19_USA_FL_CDC_STM_115_2020_EPI_ISL_802641_2020_12_29,28048,T,G,28048: G>T,FL,Florida,USA,27.766279,-81.686783
../table1Bnew/28048.txt,hCoV_19_USA_FL_CDC_STM_124_2020_EPI_ISL_802606_2020_12_29,28048,T,G,28048: G>T,FL,Florida,USA,27.766279,-81.686783
../table1Bnew/28048.txt,hCoV_19_USA_FL_CDC_STM_134_2020_EPI_ISL_802642_2020_12_29,28048,T,G,28048: G>T,FL,Florida,USA,27.766279,-81.686783
../table1Bnew/28048.txt,hCoV_19_USA_FL_CDC_STM_135_2020_EPI_ISL_802643_2020_12_29,28048,T,G,28048: G>T,FL,Florida,USA,27.766279,-81.686783
../table1Bnew/28048.txt,hCoV_19_USA_FL_CDC_STM_136_2020_EPI_ISL_802644_2020_12_29,28048,T,G,28048: G>T,FL,Florida,USA,27.766279,-81.686783
../table1Bnew/28048.txt,hCoV_19_USA_FL_CDC_STM_145_2020_EPI_ISL_802645_2020_12_30,28048,T,G,28048: G>T,FL,Florida,USA,27.766279,-81.686783
../table1Bnew/28048.txt,hCoV_19_USA_FL_CDC_STM_147_2020_EPI_ISL_802646_2020_12_30,28048,T,G,28048: G>T,FL,Florida,USA,27.766279,-81.686783
../table1Bnew/28048.txt,hCoV_19_USA_FL_CDC_STM_P012_2020_EPI_ISL_755593_2020_12_19,28048,T,G,28048: G>T,FL,Florida,USA,27.766279,-81.686783
../table1Bnew/28048.txt,hCoV_19_USA_GA_CDC_STM_133_2020_EPI_ISL_802649_2020_12_29,28048,T,G,28048: G>T,GA,Georgia,USA,33.040619,-83.643074
../table1Bnew/28048.txt,hCoV_19_USA_IL_NM_5336_2020_EPI_ISL_825014_2020_12_29,28048,T,G,28048: G>T,IL,Illinois,USA,40.349457,-88.986137
../table1Bnew/28048.txt,hCoV_19_USA_MD_HP01101_2021_EPI_ISL_825013_2021_01_06,28048,T,G,28048: G>T,MD,Maryland,USA,39.063946,-76.802101
../table1Bnew/28048.txt,hCoV_19_USA_MI_MDHHS_SC23042_2021_EPI_ISL_832127_2021_01_08,28048,T,G,28048: G>T,MI,Michigan,USA,43.326618,-84.536095
../table1Bnew/28048.txt,hCoV_19_USA_MN_MDH_2252_2020_EPI_ISL_802573_2020_12_18,28048,T,G,28048: G>T,MN,Minnesota,USA,45.694454,-93.900192
../table1Bnew/28048.txt,hCoV_19_USA_MN_MDH_2253_2020_EPI_ISL_802574_2020_12_26,28048,T,G,28048: G>T,MN,Minnesota,USA,45.694454,-93.900192
../table1Bnew/28048.txt,hCoV_19_USA_MN_MDH_2254_2020_EPI_ISL_802575_2020_12_28,28048,T,G,28048: G>T,MN,Minnesota,USA,45.694454,-93.900192
../table1Bnew/28048.txt,hCoV_19_USA_MN_MDH_2255_2020_EPI_ISL_802576_2020_12_26,28048,T,G,28048: G>T,MN,Minnesota,USA,45.694454,-93.900192
../table1Bnew/28048.txt,hCoV_19_USA_NM_DOH_2021001734_2021_EPI_ISL_824554_2021_01_03,28048,T,G,28048: G>T,NM,New Mexico,USA,34.840515,-106.248482
../table1Bnew/28048.txt,hCoV_19_USA_NM_DOH_2021003333_2021_EPI_ISL_831909_2021_01_04,28048,T,G,28048: G>T,NM,New Mexico,USA,34.840515,-106.248482
../table1Bnew/28048.txt,hCoV_19_USA_NY_Wadsworth_21000993_01_2021_EPI_ISL_804948_2021_01_04,28048,T,G,28048: G>T,NY,New York,USA,42.165726,-74.948051
../table1Bnew/28048.txt,hCoV_19_USA_NY_Wadsworth_21000994_01_2021_EPI_ISL_804945_2021_01_04,28048,T,G,28048: G>T,NY,New York,USA,42.165726,-74.948051
../table1Bnew/28048.txt,hCoV_19_USA_NY_Wadsworth_21001194_01_2020_EPI_ISL_804946_2020_12_27,28048,T,G,28048: G>T,NY,New York,USA,42.165726,-74.948051
../table1Bnew/28048.txt,hCoV_19_USA_NY_Wadsworth_21001480_01_2021_EPI_ISL_804947_2021_01_05,28048,T,G,28048: G>T,NY,New York,USA,42.165726,-74.948051
../table1Bnew/28048.txt,hCoV_19_USA_NY_Wadsworth_21001916_01_2020_EPI_ISL_804980_2020_12_24,28048,T,G,28048: G>T,NY,New York,USA,42.165726,-74.948051
../table1Bnew/28048.txt,hCoV_19_USA_NY_Wadsworth_21002412_01_2021_EPI_ISL_804981_2021_01_02,28048,T,G,28048: G>T,NY,New York,USA,42.165726,-74.948051
../table1Bnew/28048.txt,hCoV_19_USA_NY_Wadsworth_21002416_2020_EPI_ISL_804984_2020_12_31,28048,T,G,28048: G>T,NY,New York,USA,42.165726,-74.948051
../table1Bnew/28048.txt,hCoV_19_USA_NY_Wadsworth_21002419_01_2020_EPI_ISL_804982_2020_12_31,28048,T,G,28048: G>T,NY,New York,USA,42.165726,-74.948051
../table1Bnew/28048.txt,hCoV_19_USA_NY_Wadsworth_21002420_01_2020_EPI_ISL_804983_2020_12_31,28048,T,G,28048: G>T,NY,New York,USA,42.165726,-74.948051
../table1Bnew/28048.txt,hCoV_19_USA_NY_Wadsworth_21002979_01_2020_EPI_ISL_830214_2020_12_30,28048,T,G,28048: G>T,NY,New York,USA,42.165726,-74.948051
../table1Bnew/28048.txt,hCoV_19_USA_NY_Wadsworth_21004124_01_2021_EPI_ISL_830572_2021_01_04,28048,T,G,28048: G>T,NY,New York,USA,42.165726,-74.948051
../table1Bnew/28048.txt,hCoV_19_USA_NY_Wadsworth_291673_01_2020_EPI_ISL_767594_2020_12_24,28048,T,G,28048: G>T,NY,New York,USA,42.165726,-74.948051
../table1Bnew/28048.txt,hCoV_19_USA_OH_DEC32_2020_EPI_ISL_826521_2020_12_30,28048,T,G,28048: G>T,OH,Ohio,USA,40.388783,-82.764915
../table1Bnew/28048.txt,hCoV_19_USA_OK_ADDL_6_2021_EPI_ISL_812346_2021_01_09,28048,T,G,28048: G>T,OK,Oklahoma,USA,35.565342,-96.928917
../table1Bnew/28048.txt,hCoV_19_USA_OR_UW_63893956_2021_EPI_ISL_832203_2021_01_08,28048,T,G,28048: G>T,OR,Oregon,USA,44.572021,-122.070938
../table1Bnew/28048.txt,hCoV_19_USA_PA_CDC_STM_119_2020_EPI_ISL_802650_2020_12_28,28048,T,G,28048: G>T,PA,Pennsylvania,USA,40.590752,-77.209755
../table1Bnew/28048.txt,hCoV_19_USA_TX_CDC_9KXP_8438_2020_EPI_ISL_778842_2020_12_28,28048,T,G,28048: G>T,TX,Texas,USA,31.054487,-97.563461
../table2E484K/23012NORTHAMERICA.txt,hCoV_19_Canada_AB_74649_2020_EPI_ISL_805420_2020_04_20,23012,A,G,23012: G>A,Canada_AB,Alberta,Canada,53.631611,-113.323975
../table2E484K/23012NORTHAMERICA.txt,hCoV_19_Canada_LTRI_1014_2020_EPI_ISL_848188_2020_12_24,23012,A,G,23012: G>A,Canada_ON,Ontario,Canada,43.65107,-79.347015
../table2E484K/23012NORTHAMERICA.txt,hCoV_19_Canada_LTRI_1192_2020_EPI_ISL_848196_2020_12_24,23012,A,G,23012: G>A,Canada_ON,Ontario,Canada,43.65107,-79.347015
../table2E484K/23012NORTHAMERICA.txt,hCoV_19_Canada_LTRI_1258_2020_EPI_ISL_848197_2020_12_24,23012,A,G,23012: G>A,Canada_ON,Ontario,Canada,43.65107,-79.347015
../table2E484K/23012NORTHAMERICA.txt,hCoV_19_Canada_LTRI_1617_2020_EPI_ISL_852829_2020_12_24,23012,A,G,23012: G>A,Canada_ON,Ontario,Canada,43.65107,-79.347015
../table2E484K/23012NORTHAMERICA.txt,hCoV_19_Canada_ON_PHL_21_00003_2020_EPI_ISL_875798_2020_12,23012,A,G,23012: G>A,Canada_ON,Ontario,Canada,43.65107,-79.347015
../table2E484K/23012NORTHAMERICA.txt,hCoV_19_Canada_ON_PHL_21_00171_2020_EPI_ISL_875751_2020_12,23012,A,G,23012: G>A,Canada_ON,Ontario,Canada,43.65107,-79.347015
../table2E484K/23012NORTHAMERICA.txt,hCoV_19_Canada_ON_PPS_00177_2020_EPI_ISL_853127_2020_11_24,23012,A,G,23012: G>A,Canada_ON,Ontario,Canada,43.65107,-79.347015
../table2E484K/23012NORTHAMERICA.txt,hCoV_19_Canada_ON_PPS_00180_2020_EPI_ISL_853120_2020_11_24,23012,A,G,23012: G>A,Canada_ON,Ontario,Canada,43.65107,-79.347015
../table2E484K/23012NORTHAMERICA.txt,hCoV_19_Canada_ON_S1821_2020_EPI_ISL_729285_2020_11_24,23012,A,G,23012: G>A,Canada_ON,Ontario,Canada,43.65107,-79.347015
../table2E484K/23012NORTHAMERICA.txt,hCoV_19_Canada_ON_S1852_2020_EPI_ISL_729310_2020_11_24,23012,A,G,23012: G>A,Canada_ON,Ontario,Canada,43.65107,-79.347015
../table2E484K/23012NORTHAMERICA.txt,hCoV_19_Canada_ON_S1983_2020_EPI_ISL_755696_2020_11_24,23012,A,G,23012: G>A,Canada_ON,Ontario,Canada,43.65107,-79.347015
../table2E484K/23012NORTHAMERICA.txt,hCoV_19_Canada_ON_S1986_2020_EPI_ISL_755699_2020_11_24,23012,A,G,23012: G>A,Canada_ON,Ontario,Canada,43.65107,-79.347015
../table2E484K/23012NORTHAMERICA.txt,hCoV_19_Canada_ON_SK_20H_328MM1080_2020_EPI_ISL_791502_2020_11_24,23012,A,G,23012: G>A,Canada_ON,Ontario,Canada,43.65107,-79.347015
../table2E484K/23012NORTHAMERICA.txt,hCoV_19_Canada_ON_SK_20H_329MM0268_2020_EPI_ISL_791511_2020_11_24,23012,A,G,23012: G>A,Canada_ON,Ontario,Canada,43.65107,-79.347015
../table2E484K/23012NORTHAMERICA.txt,hCoV_19_USA_AZ_CDC_STM_A100196_2021_EPI_ISL_850932_2021_01_02,23012,A,G,23012: G>A,AZ,Arizona,USA,33.729759,-111.431221
../table2E484K/23012NORTHAMERICA.txt,hCoV_19_USA_CA_ALSR_1928_2020_EPI_ISL_512239_2020_07_08,23012,A,G,23012: G>A,CA,California,USA,36.116203,-119.681564
../table2E484K/23012NORTHAMERICA.txt,hCoV_19_USA_CA_ALSR_5923_2020_EPI_ISL_878666_2020_11_25,23012,A,G,23012: G>A,CA,California,USA,36.116203,-119.681564
../table2E484K/23012NORTHAMERICA.txt,hCoV_19_USA_CA_CDC_LC00000823_2020_EPI_ISL_887901_2020_12_24,23012,A,G,23012: G>A,CA,California,USA,36.116203,-119.681564
../table2E484K/23012NORTHAMERICA.txt,hCoV_19_USA_CA_CDC_LC00001122_2020_EPI_ISL_887903_2020_12_26,23012,A,G,23012: G>A,CA,California,USA,36.116203,-119.681564
../table2E484K/23012NORTHAMERICA.txt,hCoV_19_USA_CA_LACPHL_AF00160_2021_EPI_ISL_833413_2021_01_07,23012,A,G,23012: G>A,CA,California,USA,36.116203,-119.681564
../table2E484K/23012NORTHAMERICA.txt,hCoV_19_USA_CA_SEARCH_5383_2020_EPI_ISL_755195_2020_12_04,23012,A,G,23012: G>A,CA,California,USA,36.116203,-119.681564
../table2E484K/23012NORTHAMERICA.txt,hCoV_19_USA_CT_CDC_LC0003447_2021_EPI_ISL_886531_2021_01_11,23012,A,G,23012: G>A,CT,Connecticut,USA,41.597782,-72.755371
../table2E484K/23012NORTHAMERICA.txt,hCoV_19_USA_CT_QDX_2993_2021_EPI_ISL_877199_2021_01_06,23012,A,G,23012: G>A,CT,Connecticut,USA,41.597782,-72.755371
../table2E484K/23012NORTHAMERICA.txt,hCoV_19_USA_DE_CDC_STM_A100307_2021_EPI_ISL_876662_2021_01_05,23012,A,G,23012: G>A,DE,Delaware,USA,39.318523,-75.507141
../table2E484K/23012NORTHAMERICA.txt,hCoV_19_USA_FL_BPHL_2558_2020_EPI_ISL_848775_2020_11_18,23012,A,G,23012: G>A,FL,Florida,USA,27.766279,-81.686783
../table2E484K/23012NORTHAMERICA.txt,hCoV_19_USA_FL_CDC_LC0004567_2021_EPI_ISL_886168_2021_01_04,23012,A,G,23012: G>A,FL,Florida,USA,27.766279,-81.686783
../table2E484K/23012NORTHAMERICA.txt,hCoV_19_USA_GA_CDC_LC0003561_2021_EPI_ISL_886384_2021_01_11,23012,A,G,23012: G>A,GA,Georgia,USA,33.040619,-83.643074
../table2E484K/23012NORTHAMERICA.txt,hCoV_19_USA_GA_EHC_458R_2021_EPI_ISL_845768_2021_01_05,23012,A,G,23012: G>A,GA,Georgia,USA,33.040619,-83.643074
../table2E484K/23012NORTHAMERICA.txt,hCoV_19_USA_IA_GMF_46406_2021_EPI_ISL_806807_2021_01_03,23012,A,G,23012: G>A,IA,Iowa,USA,42.011539,-93.210526
../table2E484K/23012NORTHAMERICA.txt,hCoV_19_USA_IA_GMF_47250_2021_EPI_ISL_806808_2021_01_05,23012,A,G,23012: G>A,IA,Iowa,USA,42.011539,-93.210526
../table2E484K/23012NORTHAMERICA.txt,hCoV_19_USA_IL_NM5863_2021_EPI_ISL_854460_2021_01_05,23012,A,G,23012: G>A,IL,Illinois,USA,40.349457,-88.986137
../table2E484K/23012NORTHAMERICA.txt,hCoV_19_USA_IL_UW_379_2020_EPI_ISL_480361_2020_05_22,23012,A,G,23012: G>A,IL,Illinois,USA,40.349457,-88.986137
../table2E484K/23012NORTHAMERICA.txt,hCoV_19_USA_IN_CDC_LC00001468_2020_EPI_ISL_888376_2020_12_28,23012,A,G,23012: G>A,IN,Indiana,USA,39.849426,-86.258278
../table2E484K/23012NORTHAMERICA.txt,hCoV_19_USA_IN_CDC_STM_007_2020_EPI_ISL_802653_2020_12_23,23012,A,G,23012: G>A,IN,Indiana,USA,39.849426,-86.258278
../table2E484K/23012NORTHAMERICA.txt,hCoV_19_USA_KY_CDC_LC0004019_2021_EPI_ISL_886167_2021_01_02,23012,A,G,23012: G>A,KY,Kentucky,USA,37.66814,-84.670067
../table2E484K/23012NORTHAMERICA.txt,hCoV_19_USA_KY_CDC_LC0004021_2021_EPI_ISL_886166_2021_01_02,23012,A,G,23012: G>A,KY,Kentucky,USA,37.66814,-84.670067
../table2E484K/23012NORTHAMERICA.txt,hCoV_19_USA_KY_CDC_STM_A009_2021_EPI_ISL_851030_2021_01_02,23012,A,G,23012: G>A,KY,Kentucky,USA,37.66814,-84.670067
../table2E484K/23012NORTHAMERICA.txt,hCoV_19_USA_LA_CDC_STM_079_2020_EPI_ISL_802719_2020_12_28,23012,A,G,23012: G>A,LA,Louisiana,USA,31.169546,-91.867805
../table2E484K/23012NORTHAMERICA.txt,hCoV_19_USA_LA_CDC_STM_A100159_2021_EPI_ISL_850877_2021_01_04,23012,A,G,23012: G>A,LA,Louisiana,USA,31.169546,-91.867805
../table2E484K/23012NORTHAMERICA.txt,hCoV_19_USA_MA_JLL_D75_2020_EPI_ISL_593480_2020_06_24,23012,A,G,23012: G>A,MA,Massachusetts,USA,42.230171,-71.530106
../table2E484K/23012NORTHAMERICA.txt,hCoV_19_USA_MA_JLL_D81_2020_EPI_ISL_593553_2020_06_30,23012,A,G,23012: G>A,MA,Massachusetts,USA,42.230171,-71.530106
../table2E484K/23012NORTHAMERICA.txt,hCoV_19_USA_MA_MASPHL_00845_2020_EPI_ISL_692864_2020_10_09,23012,A,G,23012: G>A,MA,Massachusetts,USA,42.230171,-71.530106
../table2E484K/23012NORTHAMERICA.txt,hCoV_19_USA_MA_MASPHL_00847_2020_EPI_ISL_692863_2020_10_12,23012,A,G,23012: G>A,MA,Massachusetts,USA,42.230171,-71.530106
../table2E484K/23012NORTHAMERICA.txt,hCoV_19_USA_MA_MASPHL_01294_2020_EPI_ISL_876148_2020_12_16,23012,A,G,23012: G>A,MA,Massachusetts,USA,42.230171,-71.530106
../table2E484K/23012NORTHAMERICA.txt,hCoV_19_USA_MA_MGH_03126_2020_EPI_ISL_887152_2020_09_01,23012,A,G,23012: G>A,MA,Massachusetts,USA,42.230171,-71.530106
../table2E484K/23012NORTHAMERICA.txt,hCoV_19_USA_MA_MGH_03228_2020_EPI_ISL_887155_2020_10_07,23012,A,G,23012: G>A,MA,Massachusetts,USA,42.230171,-71.530106
../table2E484K/23012NORTHAMERICA.txt,hCoV_19_USA_MA_MGH_03292_2020_EPI_ISL_887157_2020_10_26,23012,A,G,23012: G>A,MA,Massachusetts,USA,42.230171,-71.530106
../table2E484K/23012NORTHAMERICA.txt,hCoV_19_USA_MA_MGH_03323_2020_EPI_ISL_887159_2020_11_02,23012,A,G,23012: G>A,MA,Massachusetts,USA,42.230171,-71.530106
../table2E484K/23012NORTHAMERICA.txt,hCoV_19_USA_MA_MGH_03341_2020_EPI_ISL_887160_2020_11_04,23012,A,G,23012: G>A,MA,Massachusetts,USA,42.230171,-71.530106
../table2E484K/23012NORTHAMERICA.txt,hCoV_19_USA_MA_MGH_03351_2020_EPI_ISL_887161_2020_11_06,23012,A,G,23012: G>A,MA,Massachusetts,USA,42.230171,-71.530106
../table2E484K/23012NORTHAMERICA.txt,hCoV_19_USA_MA_MGH_03387_2020_EPI_ISL_887162_2020_11_09,23012,A,G,23012: G>A,MA,Massachusetts,USA,42.230171,-71.530106
../table2E484K/23012NORTHAMERICA.txt,hCoV_19_USA_MA_MGH_03409_2020_EPI_ISL_887163_2020_11_11,23012,A,G,23012: G>A,MA,Massachusetts,USA,42.230171,-71.530106
../table2E484K/23012NORTHAMERICA.txt,hCoV_19_USA_MA_MGH_03497_2020_EPI_ISL_887164_2020_11_23,23012,A,G,23012: G>A,MA,Massachusetts,USA,42.230171,-71.530106
../table2E484K/23012NORTHAMERICA.txt,hCoV_19_USA_MA_MGH_03549_2020_EPI_ISL_887165_2020_11_28,23012,A,G,23012: G>A,MA,Massachusetts,USA,42.230171,-71.530106
../table2E484K/23012NORTHAMERICA.txt,hCoV_19_USA_MA_QDX_2918_2021_EPI_ISL_877201_2021_01_07,23012,A,G,23012: G>A,MA,Massachusetts,USA,42.230171,-71.530106
../table2E484K/23012NORTHAMERICA.txt,hCoV_19_USA_MA_QDX_2966_2021_EPI_ISL_854906_2021_01_06,23012,A,G,23012: G>A,MA,Massachusetts,USA,42.230171,-71.530106
../table2E484K/23012NORTHAMERICA.txt,hCoV_19_USA_MA_QDX_3176_2021_EPI_ISL_877193_2021_01_06,23012,A,G,23012: G>A,MA,Massachusetts,USA,42.230171,-71.530106
../table2E484K/23012NORTHAMERICA.txt,hCoV_19_USA_MA_QDX_3177_2021_EPI_ISL_877194_2021_01_06,23012,A,G,23012: G>A,MA,Massachusetts,USA,42.230171,-71.530106
../table2E484K/23012NORTHAMERICA.txt,hCoV_19_USA_MA_QDX_3185_2021_EPI_ISL_877195_2021_01_06,23012,A,G,23012: G>A,MA,Massachusetts,USA,42.230171,-71.530106
../table2E484K/23012NORTHAMERICA.txt,hCoV_19_USA_MD_CDC_LC00000458_2020_EPI_ISL_887904_2020_12_27,23012,A,G,23012: G>A,MD,Maryland,USA,39.063946,-76.802101
../table2E484K/23012NORTHAMERICA.txt,hCoV_19_USA_MD_CDC_LC0003984_2021_EPI_ISL_886790_2021_01_13,23012,A,G,23012: G>A,MD,Maryland,USA,39.063946,-76.802101
../table2E484K/23012NORTHAMERICA.txt,hCoV_19_USA_MD_CDC_LC0005127_2021_EPI_ISL_886945_2021_01_04,23012,A,G,23012: G>A,MD,Maryland,USA,39.063946,-76.802101
../table2E484K/23012NORTHAMERICA.txt,hCoV_19_USA_MD_HP01030_2020_EPI_ISL_862036_2020_12_21,23012,A,G,23012: G>A,MD,Maryland,USA,39.063946,-76.802101
../table2E484K/23012NORTHAMERICA.txt,hCoV_19_USA_MD_HP01138_2021_EPI_ISL_860982_2021_01_10,23012,A,G,23012: G>A,MD,Maryland,USA,39.063946,-76.802101
../table2E484K/23012NORTHAMERICA.txt,hCoV_19_USA_MD_HP01154_2021_EPI_ISL_862037_2021_01_04,23012,A,G,23012: G>A,MD,Maryland,USA,39.063946,-76.802101
../table2E484K/23012NORTHAMERICA.txt,hCoV_19_USA_MD_HP01180_2021_EPI_ISL_861019_2021_01_10,23012,A,G,23012: G>A,MD,Maryland,USA,39.063946,-76.802101
../table2E484K/23012NORTHAMERICA.txt,hCoV_19_USA_MD_HP01221_2021_EPI_ISL_861051_2021_01_09,23012,A,G,23012: G>A,MD,Maryland,USA,39.063946,-76.802101
../table2E484K/23012NORTHAMERICA.txt,hCoV_19_USA_MD_HP01225_2021_EPI_ISL_862038_2021_01_11,23012,A,G,23012: G>A,MD,Maryland,USA,39.063946,-76.802101
../table2E484K/23012NORTHAMERICA.txt,hCoV_19_USA_MD_HP01253_2021_EPI_ISL_861076_2021_01_05,23012,A,G,23012: G>A,MD,Maryland,USA,39.063946,-76.802101
../table2E484K/23012NORTHAMERICA.txt,hCoV_19_USA_MD_HP01325_2021_EPI_ISL_887571_2021_01_16,23012,A,G,23012: G>A,MD,Maryland,USA,39.063946,-76.802101
../table2E484K/23012NORTHAMERICA.txt,hCoV_19_USA_MD_HP01340_2021_EPI_ISL_887577_2021_01_14,23012,A,G,23012: G>A,MD,Maryland,USA,39.063946,-76.802101
../table2E484K/23012NORTHAMERICA.txt,hCoV_19_USA_MD_HP01369_2021_EPI_ISL_887561_2021_01_07,23012,A,G,23012: G>A,MD,Maryland,USA,39.063946,-76.802101
../table2E484K/23012NORTHAMERICA.txt,hCoV_19_USA_MD_HP01378_2021_EPI_ISL_887564_2021_01_07,23012,A,G,23012: G>A,MD,Maryland,USA,39.063946,-76.802101
../table2E484K/23012NORTHAMERICA.txt,hCoV_19_USA_MD_HP12090_2020_EPI_ISL_791414_2020_11_21,23012,A,G,23012: G>A,MD,Maryland,USA,39.063946,-76.802101
../table2E484K/23012NORTHAMERICA.txt,hCoV_19_USA_MD_HP12111_2020_EPI_ISL_791426_2020_12_30,23012,A,G,23012: G>A,MD,Maryland,USA,39.063946,-76.802101
../table2E484K/23012NORTHAMERICA.txt,hCoV_19_USA_MD_HP12112_2021_EPI_ISL_791427_2021_01_01,23012,A,G,23012: G>A,MD,Maryland,USA,39.063946,-76.802101
../table2E484K/23012NORTHAMERICA.txt,hCoV_19_USA_MD_HP12155_2020_EPI_ISL_791346_2020_12_30,23012,A,G,23012: G>A,MD,Maryland,USA,39.063946,-76.802101
../table2E484K/23012NORTHAMERICA.txt,hCoV_19_USA_MD_MDH_0531_2020_EPI_ISL_778908_2020_11_30,23012,A,G,23012: G>A,MD,Maryland,USA,39.063946,-76.802101
../table2E484K/23012NORTHAMERICA.txt,hCoV_19_USA_MD_MDH_0664_2021_EPI_ISL_883003_2021_01_04,23012,A,G,23012: G>A,MD,Maryland,USA,39.063946,-76.802101
../table2E484K/23012NORTHAMERICA.txt,hCoV_19_USA_MI_UM_10037814075_2021_EPI_ISL_888669_2021_01_13,23012,A,G,23012: G>A,MI,Michigan,USA,43.326618,-84.536095
../table2E484K/23012NORTHAMERICA.txt,hCoV_19_USA_MN_GMF_45422_2020_EPI_ISL_830649_2020_12_30,23012,A,G,23012: G>A,MN,Minnesota,USA,45.694454,-93.900192
../table2E484K/23012NORTHAMERICA.txt,hCoV_19_USA_MN_GMF_46571_2021_EPI_ISL_861473_2021_01_04,23012,A,G,23012: G>A,MN,Minnesota,USA,45.694454,-93.900192
../table2E484K/23012NORTHAMERICA.txt,hCoV_19_USA_MN_GMF_46573_2021_EPI_ISL_861472_2021_01_04,23012,A,G,23012: G>A,MN,Minnesota,USA,45.694454,-93.900192
../table2E484K/23012NORTHAMERICA.txt,hCoV_19_USA_MN_MDH_2091_2020_EPI_ISL_683720_2020_10_28,23012,A,G,23012: G>A,MN,Minnesota,USA,45.694454,-93.900192
../table2E484K/23012NORTHAMERICA.txt,hCoV_19_USA_MN_MDH_2399_2021_EPI_ISL_873257_2021_01_09,23012,A,G,23012: G>A,MN,Minnesota,USA,45.694454,-93.900192
../table2E484K/23012NORTHAMERICA.txt,hCoV_19_USA_MN_MDH_2408_2021_EPI_ISL_873266_2021_01_11,23012,A,G,23012: G>A,MN,Minnesota,USA,45.694454,-93.900192
../table2E484K/23012NORTHAMERICA.txt,hCoV_19_USA_NC_CDC_STM_382_2021_EPI_ISL_850561_2021_01_02,23012,A,G,23012: G>A,NC,North Carolina,USA,35.630066,-79.806419
../table2E484K/23012NORTHAMERICA.txt,hCoV_19_USA_NC_UNC_0025_2021_EPI_ISL_861452_2021_01_14,23012,A,G,23012: G>A,NC,North Carolina,USA,35.630066,-79.806419
../table2E484K/23012NORTHAMERICA.txt,hCoV_19_USA_ND_USAFSAM_S471_2020_EPI_ISL_831768_2020_10_05,23012,A,G,23012: G>A,ND,North Dakota,USA,47.528912,-99.784012
../table2E484K/23012NORTHAMERICA.txt,hCoV_19_USA_NJ_CDC_LC00001339_2020_EPI_ISL_887902_2020_12_25,23012,A,G,23012: G>A,NJ,New Jersey,USA,40.298904,-74.521011
../table2E484K/23012NORTHAMERICA.txt,hCoV_19_USA_NJ_CDC_LC0003391_2021_EPI_ISL_886626_2021_01_11,23012,A,G,23012: G>A,NJ,New Jersey,USA,40.298904,-74.521011
../table2E484K/23012NORTHAMERICA.txt,hCoV_19_USA_NJ_CDC_STM_A100415_2021_EPI_ISL_850743_2021_01_06,23012,A,G,23012: G>A,NJ,New Jersey,USA,40.298904,-74.521011
../table2E484K/23012NORTHAMERICA.txt,hCoV_19_USA_NMDOH_2021015923_2021_EPI_ISL_862670_2021_01_11,23012,A,G,23012: G>A,NM,New Mexico,USA,34.840515,-106.248482
../table2E484K/23012NORTHAMERICA.txt,hCoV_19_USA_NY_MSHSPSP_PV18389_2020_EPI_ISL_801972_2020_09_25,23012,A,G,23012: G>A,NY,New York,USA,42.165726,-74.948051
../table2E484K/23012NORTHAMERICA.txt,hCoV_19_USA_NY_NYCPHL_001334_2020_EPI_ISL_683969_2020_11_13,23012,A,G,23012: G>A,NY,New York,USA,42.165726,-74.948051
../table2E484K/23012NORTHAMERICA.txt,hCoV_19_USA_NY_NYCPHL_001856_2020_EPI_ISL_832289_2020_12_18,23012,A,G,23012: G>A,NY,New York,USA,42.165726,-74.948051
../table2E484K/23012NORTHAMERICA.txt,hCoV_19_USA_NY_NYCPHL_001924_2020_EPI_ISL_832270_2020_12_23,23012,A,G,23012: G>A,NY,New York,USA,42.165726,-74.948051
../table2E484K/23012NORTHAMERICA.txt,hCoV_19_USA_NY_NYCPHL_001940_2020_EPI_ISL_832271_2020_12_24,23012,A,G,23012: G>A,NY,New York,USA,42.165726,-74.948051
../table2E484K/23012NORTHAMERICA.txt,hCoV_19_USA_NY_NYCPHL_002021_2020_EPI_ISL_857240_2020_12_30,23012,A,G,23012: G>A,NY,New York,USA,42.165726,-74.948051
../table2E484K/23012NORTHAMERICA.txt,hCoV_19_USA_NY_NYCPHL_002114_2020_EPI_ISL_857204_2020_12_31,23012,A,G,23012: G>A,NY,New York,USA,42.165726,-74.948051
../table2E484K/23012NORTHAMERICA.txt,hCoV_19_USA_NY_NYCPHL_002169_2020_EPI_ISL_857056_2020_12_29,23012,A,G,23012: G>A,NY,New York,USA,42.165726,-74.948051
../table2E484K/23012NORTHAMERICA.txt,hCoV_19_USA_NY_NYCPHL_002336_2021_EPI_ISL_857163_2021_01_11,23012,A,G,23012: G>A,NY,New York,USA,42.165726,-74.948051
../table2E484K/23012NORTHAMERICA.txt,hCoV_19_USA_NY_NYCPHL_002365_2021_EPI_ISL_857164_2021_01_11,23012,A,G,23012: G>A,NY,New York,USA,42.165726,-74.948051
../table2E484K/23012NORTHAMERICA.txt,hCoV_19_USA_NY_NYCPHL_002418_2021_EPI_ISL_883348_2021_01_13,23012,A,G,23012: G>A,NY,New York,USA,42.165726,-74.948051
../table2E484K/23012NORTHAMERICA.txt,hCoV_19_USA_NY_NYCPHL_002433_2021_EPI_ISL_883338_2021_01_14,23012,A,G,23012: G>A,NY,New York,USA,42.165726,-74.948051
../table2E484K/23012NORTHAMERICA.txt,hCoV_19_USA_NY_NYCPHL_002453_2021_EPI_ISL_883314_2021_01_14,23012,A,G,23012: G>A,NY,New York,USA,42.165726,-74.948051
../table2E484K/23012NORTHAMERICA.txt,hCoV_19_USA_NY_NYCPHL_002466_2021_EPI_ISL_883340_2021_01_14,23012,A,G,23012: G>A,NY,New York,USA,42.165726,-74.948051
../table2E484K/23012NORTHAMERICA.txt,hCoV_19_USA_NY_NYCPHL_002471_2021_EPI_ISL_883341_2021_01_14,23012,A,G,23012: G>A,NY,New York,USA,42.165726,-74.948051
../table2E484K/23012NORTHAMERICA.txt,hCoV_19_USA_NY_NYCPHL_002473_2021_EPI_ISL_883342_2021_01_14,23012,A,G,23012: G>A,NY,New York,USA,42.165726,-74.948051
../table2E484K/23012NORTHAMERICA.txt,hCoV_19_USA_NY_NYCPHL_002474_2021_EPI_ISL_883343_2021_01_14,23012,A,G,23012: G>A,NY,New York,USA,42.165726,-74.948051
../table2E484K/23012NORTHAMERICA.txt,hCoV_19_USA_NY_NYCPHL_002521_2021_EPI_ISL_883345_2021_01_17,23012,A,G,23012: G>A,NY,New York,USA,42.165726,-74.948051
../table2E484K/23012NORTHAMERICA.txt,hCoV_19_USA_NY_Wadsworth_21003395_01_2021_EPI_ISL_884080_2021_01_07,23012,A,G,23012: G>A,NY,New York,USA,42.165726,-74.948051
../table2E484K/23012NORTHAMERICA.txt,hCoV_19_USA_NY_Wadsworth_21004146_01_2021_EPI_ISL_830577_2021_01_04,23012,A,G,23012: G>A,NY,New York,USA,42.165726,-74.948051
../table2E484K/23012NORTHAMERICA.txt,hCoV_19_USA_NY_Wadsworth_21004150_01_2021_EPI_ISL_830578_2021_01_04,23012,A,G,23012: G>A,NY,New York,USA,42.165726,-74.948051
../table2E484K/23012NORTHAMERICA.txt,hCoV_19_USA_NY_Wadsworth_21004249_01_2020_EPI_ISL_830679_2020_12_31,23012,A,G,23012: G>A,NY,New York,USA,42.165726,-74.948051
../table2E484K/23012NORTHAMERICA.txt,hCoV_19_USA_NY_Wadsworth_21004250_01_2020_EPI_ISL_830680_2020_12_31,23012,A,G,23012: G>A,NY,New York,USA,42.165726,-74.948051
../table2E484K/23012NORTHAMERICA.txt,hCoV_19_USA_NY_Wadsworth_21004930_01_2020_EPI_ISL_861244_2020_12_25,23012,A,G,23012: G>A,NY,New York,USA,42.165726,-74.948051
../table2E484K/23012NORTHAMERICA.txt,hCoV_19_USA_NY_Wadsworth_21004944_01_2020_EPI_ISL_861258_2020_12_25,23012,A,G,23012: G>A,NY,New York,USA,42.165726,-74.948051
../table2E484K/23012NORTHAMERICA.txt,hCoV_19_USA_NY_Wadsworth_21004976_01_2020_EPI_ISL_861278_2020_12_24,23012,A,G,23012: G>A,NY,New York,USA,42.165726,-74.948051
../table2E484K/23012NORTHAMERICA.txt,hCoV_19_USA_NY_Wadsworth_21004984_01_2020_EPI_ISL_861285_2020_12_25,23012,A,G,23012: G>A,NY,New York,USA,42.165726,-74.948051
../table2E484K/23012NORTHAMERICA.txt,hCoV_19_USA_NY_Wadsworth_21005007_01_2020_EPI_ISL_861300_2020_12_30,23012,A,G,23012: G>A,NY,New York,USA,42.165726,-74.948051
../table2E484K/23012NORTHAMERICA.txt,hCoV_19_USA_NY_Wadsworth_21005019_01_2020_EPI_ISL_861308_2020_12_28,23012,A,G,23012: G>A,NY,New York,USA,42.165726,-74.948051
../table2E484K/23012NORTHAMERICA.txt,hCoV_19_USA_NY_Wadsworth_21005029_01_2020_EPI_ISL_861315_2020_12_28,23012,A,G,23012: G>A,NY,New York,USA,42.165726,-74.948051
../table2E484K/23012NORTHAMERICA.txt,hCoV_19_USA_NY_Wadsworth_21005068_01_2020_EPI_ISL_854459_2020_12_27,23012,A,G,23012: G>A,NY,New York,USA,42.165726,-74.948051
../table2E484K/23012NORTHAMERICA.txt,hCoV_19_USA_NY_Wadsworth_21005115_01_2020_EPI_ISL_854457_2020_12_29,23012,A,G,23012: G>A,NY,New York,USA,42.165726,-74.948051
../table2E484K/23012NORTHAMERICA.txt,hCoV_19_USA_NY_Wadsworth_21006055_01_2021_EPI_ISL_854386_2021_01_07,23012,A,G,23012: G>A,NY,New York,USA,42.165726,-74.948051
../table2E484K/23012NORTHAMERICA.txt,hCoV_19_USA_NY_Wadsworth_21006062_01_2021_EPI_ISL_854403_2021_01_05,23012,A,G,23012: G>A,NY,New York,USA,42.165726,-74.948051
../table2E484K/23012NORTHAMERICA.txt,hCoV_19_USA_NY_Wadsworth_21006379_01_2021_EPI_ISL_861189_2021_01_01,23012,A,G,23012: G>A,NY,New York,USA,42.165726,-74.948051
../table2E484K/23012NORTHAMERICA.txt,hCoV_19_USA_NY_Wadsworth_21006867_01_2021_EPI_ISL_884040_2021_01_13,23012,A,G,23012: G>A,NY,New York,USA,42.165726,-74.948051
../table2E484K/23012NORTHAMERICA.txt,hCoV_19_USA_NY_Wadsworth_290357_01_2020_EPI_ISL_765494_2020_12_18,23012,A,G,23012: G>A,NY,New York,USA,42.165726,-74.948051
../table2E484K/23012NORTHAMERICA.txt,hCoV_19_USA_NY_Wadsworth_290403_01_2020_EPI_ISL_765495_2020_12_16,23012,A,G,23012: G>A,NY,New York,USA,42.165726,-74.948051
../table2E484K/23012NORTHAMERICA.txt,hCoV_19_USA_OR_OHSU_2677_2020_EPI_ISL_832412_2020_08_25,23012,A,G,23012: G>A,OR,Oregon,USA,44.572021,-122.070938
../table2E484K/23012NORTHAMERICA.txt,hCoV_19_USA_OR_OHSU_2701_2020_EPI_ISL_667287_2020_08_26,23012,A,G,23012: G>A,OR,Oregon,USA,44.572021,-122.070938
../table2E484K/23012NORTHAMERICA.txt,hCoV_19_USA_OR_OHSU_2753_2020_EPI_ISL_667301_2020_08_28,23012,A,G,23012: G>A,OR,Oregon,USA,44.572021,-122.070938
../table2E484K/23012NORTHAMERICA.txt,hCoV_19_USA_PA_CDC_LC00001284_2020_EPI_ISL_887695_2020_12_27,23012,A,G,23012: G>A,PA,Pennsylvania,USA,40.590752,-77.209755
../table2E484K/23012NORTHAMERICA.txt,hCoV_19_USA_PA_CDC_LC0004419_2021_EPI_ISL_886810_2021_01_04,23012,A,G,23012: G>A,PA,Pennsylvania,USA,40.590752,-77.209755
../table2E484K/23012NORTHAMERICA.txt,hCoV_19_USA_PR_CDC_LC0003885_2021_EPI_ISL_886169_2021_01_12,23012,A,G,23012: G>A,PR,Puerto Rico,USA,18.200178,-66.664513
../table2E484K/23012NORTHAMERICA.txt,hCoV_19_USA_RI_QDX_3232_2021_EPI_ISL_855171_2021_01_07,23012,A,G,23012: G>A,RI,Rhode Island,USA,41.680893,-71.51178
../table2E484K/23012NORTHAMERICA.txt,hCoV_19_USA_SC_DHEC_0036_2021_EPI_ISL_873180_2021_01_08,23012,A,G,23012: G>A,SC,South Carolina,USA,33.856892,-80.945007
../table2E484K/23012NORTHAMERICA.txt,hCoV_19_USA_TX_CDC_STM_173_2020_EPI_ISL_850639_2020_12_30,23012,A,G,23012: G>A,TX,Texas,USA,31.054487,-97.563461
../table2E484K/23012NORTHAMERICA.txt,hCoV_19_USA_TX_QDX_3142_2021_EPI_ISL_855177_2021_01_07,23012,A,G,23012: G>A,TX,Texas,USA,31.054487,-97.563461
../table2E484K/23012NORTHAMERICA.txt,hCoV_19_USA_UT_QDX_1869_2020_EPI_ISL_604182_2020_03_15,23012,A,G,23012: G>A,UT,Utah,USA,40.150032,-111.862434
../table2E484K/23012NORTHAMERICA.txt,hCoV_19_USA_UT_UPHL_2012432369_2020_EPI_ISL_746198_2020_08_17,23012,A,G,23012: G>A,UT,Utah,USA,40.150032,-111.862434
../table2E484K/23012NORTHAMERICA.txt,hCoV_19_USA_UT_UPHL_2101039103_2020_EPI_ISL_849231_2020_12_15,23012,A,G,23012: G>A,UT,Utah,USA,40.150032,-111.862434
../table2E484K/23012NORTHAMERICA.txt,hCoV_19_USA_UT_UPHL_2101637554_2020_EPI_ISL_849212_2020_12_15,23012,A,G,23012: G>A,UT,Utah,USA,40.150032,-111.862434
../table2E484K/23012NORTHAMERICA.txt,hCoV_19_USA_UT_UPHL_2101685579_2020_EPI_ISL_849239_2020_12_15,23012,A,G,23012: G>A,UT,Utah,USA,40.150032,-111.862434
../table2E484K/23012NORTHAMERICA.txt,hCoV_19_USA_UT_UPHL_2101934688_2020_EPI_ISL_849251_2020_12_15,23012,A,G,23012: G>A,UT,Utah,USA,40.150032,-111.862434
../table2E484K/23012NORTHAMERICA.txt,hCoV_19_USA_UT_UPHL_2101976649_2020_EPI_ISL_802904_2020_12_10,23012,A,G,23012: G>A,UT,Utah,USA,40.150032,-111.862434
../table2E484K/23012NORTHAMERICA.txt,hCoV_19_USA_VA_CDC_LC00000658_2020_EPI_ISL_888383_2020_12_27,23012,A,G,23012: G>A,VA,Virginia,USA,37.769337,-78.169968
../table2E484K/23012NORTHAMERICA.txt,hCoV_19_USA_VA_CDC_LC0005134_2021_EPI_ISL_886823_2021_01_05,23012,A,G,23012: G>A,VA,Virginia,USA,37.769337,-78.169968
../table2E484K/23012NORTHAMERICA.txt,hCoV_19_USA_VA_DCLS_2185_2020_EPI_ISL_677211_2020_11_12,23012,A,G,23012: G>A,VA,Virginia,USA,37.769337,-78.169968
../table2E484K/23012NORTHAMERICA.txt,hCoV_19_USA_VA_DCLS_2187_2020_EPI_ISL_677212_2020_11_12,23012,A,G,23012: G>A,VA,Virginia,USA,37.769337,-78.169968
../table2E484K/23012NORTHAMERICA.txt,hCoV_19_USA_VA_DCLS_2191_2020_EPI_ISL_723494_2020_11_12,23012,A,G,23012: G>A,VA,Virginia,USA,37.769337,-78.169968
../table2E484K/23012NORTHAMERICA.txt,hCoV_19_USA_WA_S3354_2020_EPI_ISL_849386_2020_11_25,23012,A,G,23012: G>A,WA,Washington,USA,47.400902,-121.490494
../table2E484K/23012NORTHAMERICA.txt,hCoV_19_USA_WA_S3429_2020_EPI_ISL_849418_2020_12_06,23012,A,G,23012: G>A,WA,Washington,USA,47.400902,-121.490494
../table2E484K/23012NORTHAMERICA.txt,hCoV_19_USA_WA_S3433_2020_EPI_ISL_849428_2020_12_06,23012,A,G,23012: G>A,WA,Washington,USA,47.400902,-121.490494
../table2E484K/23012NORTHAMERICA.txt,hCoV_19_USA_WA_UW_31411_2020_EPI_ISL_735478_2020_10_14,23012,A,G,23012: G>A,WA,Washington,USA,47.400902,-121.490494
../table2E484K/23012NORTHAMERICA.txt,hCoV_19_USA_WA_UW_32910_2020_EPI_ISL_737097_2020_10_17,23012,A,G,23012: G>A,WA,Washington,USA,47.400902,-121.490494
../table2E484K/23012NORTHAMERICA.txt,hCoV_19_USA_WA_UW_32920_2020_EPI_ISL_737099_2020_10_17,23012,A,G,23012: G>A,WA,Washington,USA,47.400902,-121.490494
../table2E484K/23012NORTHAMERICA.txt,hCoV_19_USA_WA_UW_49610_2020_EPI_ISL_837506_2020_12_20,23012,A,G,23012: G>A,WA,Washington,USA,47.400902,-121.490494
../table2E484K/23012NORTHAMERICA.txt,hCoV_19_USA_WI_GMF_47936_2021_EPI_ISL_861474_2021_01_08,23012,A,G,23012: G>A,WI,Wisconsin,USA,44.268543,-89.616508
../table2E484K/23012NORTHAMERICA.txt,hCoV_19_USA_WI_GMF_48016_2021_EPI_ISL_861475_2021_01_08,23012,A,G,23012: G>A,WI,Wisconsin,USA,44.268543,-89.616508
../table2E484K/23012NORTHAMERICA.txt,hCoV_19_USA_WI_UW_2646_2020_EPI_ISL_791161_2020_12_31,23012,A,G,23012: G>A,WI,Wisconsin,USA,44.268543,-89.616508
../table2E484K/23012NORTHAMERICA.txt,hCoV_19_USA_WI_UW_2664_2020_EPI_ISL_791177_2020_12_29,23012,A,G,23012: G>A,WI,Wisconsin,USA,44.268543,-89.616508
../table2E484K/23012NORTHAMERICA.txt,hCoV_19_USA_WY_WPHL_20162212_2020_EPI_ISL_765976_2020_12_09,23012,A,G,23012: G>A,WY,Wyoming,USA,42.755966,-107.30249
../table2E484K/23012NORTHAMERICA.txt,hCoV_19_USA_WY_WPHL_20168129_2020_EPI_ISL_766785_2020_12_18,23012,A,G,23012: G>A,WY,Wyoming,USA,42.755966,-107.30249
../table2E484K/23012NORTHAMERICA.txt,hCoV_19_USA_WY_WPHL_21001646_2021_EPI_ISL_819230_2021_01_05,23012,A,G,23012: G>A,WY,Wyoming,USA,42.755966,-107.30249
../justMN/A22812C.txt,hCoV_19_USA_MN_MDH_2399_2021_EPI_ISL_873257_2021_01_09,22812,C,A,22812: A>C,MN,Minnesota,USA,45.694454,-93.900192
